timestamp, RAM%, GPU%, GPU inst power, GPU avg power, CPU%, CPU inst power, CPU avg power, tot inst power, tot avg power
2024-01-20 22:40:33.366021,6,0.0,0,0,8.12,2778,2778,8788,8788
2024-01-20 22:40:34.342148,6,0.0,0,0,8.0,1342,2060,7258,8023
2024-01-20 22:40:35.342218,6,0.0,0,0,2.62,1054,1557,6970,7495
2024-01-20 22:40:36.349780,6,0.0,0,0,6.87,1916,1736,7830,7662
2024-01-20 22:40:37.370876,6,0.0,0,0,88.75,9917,5826,15913,11787
2024-01-20 22:40:38.371533,6,0.0,0,0,99.62,10680,8253,16715,14250
2024-01-20 22:40:39.373597,7,0.0,0,0,99.37,10673,9463,16708,15479
2024-01-20 22:40:40.368000,7,0.0,0,0,99.62,10768,10115,16898,16187
2024-01-20 22:40:41.383242,7,0.0,0,0,99.25,10863,10489,16858,16521
2024-01-20 22:40:42.379911,7,0.0,381,190,94.87,10584,10536,17158,16837
2024-01-20 22:40:43.372032,7,0.0,95,142,99.5,10871,10703,17040,16937
2024-01-20 22:40:44.380379,7,0.0,0,71,98.87,10108,10405,16241,16587
2024-01-20 22:40:45.365579,7,0.0,0,35,98.37,10210,10307,16247,16416
2024-01-20 22:40:46.384630,7,0.0,0,17,99.37,10394,10350,16622,16517
2024-01-20 22:40:47.373984,8,0.0,0,8,99.87,10489,10419,16622,16568
2024-01-20 22:40:48.350746,8,0.0,0,4,43.25,3257,6838,9171,12869
2024-01-20 22:40:49.351053,8,0.0,0,2,2.75,1247,4042,7163,10015
2024-01-20 22:40:50.355115,8,0.0,0,1,2.87,1054,2548,6975,8494
2024-01-20 22:40:51.355166,8,0.0,0,0,2.75,1054,1801,6970,7730
2024-01-20 22:40:52.353019,8,0.0,0,0,3.0,1054,1427,6970,7348
2024-01-20 22:40:53.353263,8,0.0,0,0,2.62,1054,1240,6970,7158
2024-01-20 22:40:54.355197,8,0.0,0,0,3.0,1054,1147,6970,7063
2024-01-20 22:40:55.363741,8,0.0,0,0,8.62,2109,1628,8120,7592
2024-01-20 22:40:56.363851,8,0.0,383,191,16.12,2395,2011,9082,8336
2024-01-20 22:40:57.367803,9,2.8,383,287,15.62,2491,2251,9218,8776
2024-01-20 22:40:58.368939,9,14.1,287,287,15.25,2491,2371,9122,8949
2024-01-20 22:40:59.371985,10,0.0,287,287,14.37,2491,2431,9122,9035
2024-01-20 22:41:00.371998,10,7.6,287,287,14.62,2395,2413,9026,9030
2024-01-20 22:41:01.372160,11,22.8,287,287,14.37,2395,2404,8930,8979
2024-01-20 22:41:02.374081,11,40.29,383,335,14.62,2491,2447,9122,9049
2024-01-20 22:41:03.378707,11,28.1,287,311,15.12,2491,2469,9122,9084
2024-01-20 22:41:04.379006,12,99.7,1341,826,14.0,2299,2384,10212,9647
2024-01-20 22:41:05.380240,12,0.0,7830,4328,12.5,2291,2337,17930,13787
2024-01-20 22:41:06.380525,12,0.0,8296,6312,12.75,2288,2312,18428,16106
2024-01-20 22:41:07.384752,12,61.8,7819,7065,13.12,2288,2300,18007,17055
2024-01-20 22:41:08.383996,12,99.3,7914,7489,12.62,2288,2294,18141,17597
2024-01-20 22:41:09.386581,12,98.6,8105,7797,12.37,2288,2291,18194,17895
2024-01-20 22:41:10.384726,12,0.0,8487,8142,13.12,2288,2289,18619,18255
2024-01-20 22:41:11.384508,12,0.0,7819,7980,13.62,2288,2288,17816,18034
2024-01-20 22:41:12.386612,12,99.3,7823,7902,12.87,2288,2288,18012,18022
2024-01-20 22:41:13.386212,12,98.5,8105,8003,12.12,2288,2288,18198,18108
2024-01-20 22:41:14.385776,12,0.0,8582,8292,12.5,2288,2288,18714,18410
2024-01-20 22:41:15.386132,12,26.6,8200,8246,12.5,2288,2288,18293,18351
2024-01-20 22:41:16.386734,12,99.3,8009,8128,13.0,2288,2288,18103,18227
2024-01-20 22:41:17.390209,12,0.0,8296,8212,12.62,2288,2288,18425,18325
2024-01-20 22:41:18.390394,12,58.5,7914,8063,13.0,2288,2288,18006,18164
2024-01-20 22:41:19.386483,12,98.6,8009,8036,12.25,2288,2288,18198,18179
2024-01-20 22:41:20.392068,12,0.0,8582,8309,13.0,2191,2239,18709,18443
2024-01-20 22:41:21.392275,12,54.3,8009,8159,12.75,2288,2263,18103,18271
2024-01-20 22:41:22.390754,12,98.6,8105,8131,12.5,2288,2275,18329,18299
2024-01-20 22:41:23.391650,12,60.9,8105,8118,12.87,2288,2281,18099,18197
2024-01-20 22:41:24.406849,12,0.0,2583,5350,13.25,2199,2240,11389,14791
2024-01-20 22:41:25.385694,12,0.0,1150,3250,4.37,1245,1742,8547,11668
2024-01-20 22:41:26.385248,12,0.0,479,1864,3.0,1150,1446,7664,9664
2024-01-20 22:41:27.386016,12,0.0,0,932,3.0,1151,1298,7069,8365
2024-01-20 22:41:28.386817,12,0.0,0,466,2.75,1150,1224,7070,7718
2024-01-20 22:41:29.385903,12,0.0,0,233,3.0,1150,1187,7066,7390
2024-01-20 22:41:30.386013,12,0.0,0,116,3.0,1150,1168,7070,7229
2024-01-20 22:41:31.388126,12,0.0,0,57,3.12,1150,1159,7066,7147
2024-01-20 22:41:32.394604,12,0.0,0,28,3.0,1246,1202,7162,7153
2024-01-20 22:41:33.396464,12,99.4,958,493,9.0,2011,1605,9329,8239
2024-01-20 22:41:34.391206,12,0.0,1246,869,7.5,1341,1473,8835,8535
2024-01-20 22:41:35.397826,12,1.2,1053,961,7.37,2106,1789,9500,9016
2024-01-20 22:41:36.399200,12,99.1,7352,4156,13.0,2290,2039,17260,13136
2024-01-20 22:41:37.399409,12,48.5,7920,6038,12.62,2288,2163,17822,15477
2024-01-20 22:41:38.399075,12,46.3,8206,7122,12.5,2288,2225,18338,16906
2024-01-20 22:41:39.399889,12,0.0,8492,7806,12.87,2194,2209,18530,17717
2024-01-20 22:41:40.402389,12,51.1,8015,7911,13.0,2290,2249,18149,17931
2024-01-20 22:41:41.401177,12,99.0,7920,7915,12.37,2290,2269,18149,18039
2024-01-20 22:41:42.400361,12,0.0,8397,8156,13.62,2193,2231,18529,18283
2024-01-20 22:41:43.401594,12,59.6,7920,8038,13.12,2290,2260,18110,18195
2024-01-20 22:41:44.401341,12,98.6,8111,8073,12.37,2290,2275,18301,18247
2024-01-20 22:41:45.404550,12,0.0,8492,8283,12.75,2288,2281,18719,18481
2024-01-20 22:41:46.404772,12,1.8,8301,8292,13.0,2193,2237,18338,18408
2024-01-20 22:41:47.403611,12,81.0,7823,8058,12.5,2288,2262,17917,18161
2024-01-20 22:41:48.405726,12,0.0,8492,8275,12.5,2384,2323,18815,18487
2024-01-20 22:41:49.404701,12,10.5,8301,8288,12.25,2193,2258,18338,18411
2024-01-20 22:41:50.403673,12,99.1,7920,8104,12.87,2290,2274,18151,18280
2024-01-20 22:41:51.405451,12,98.7,8111,8106,13.0,2288,2281,18204,18241
2024-01-20 22:41:52.409115,12,0.0,8588,8347,12.75,2288,2284,18910,18573
2024-01-20 22:41:53.407780,12,40.6,8206,8276,12.75,2288,2286,18433,18501
2024-01-20 22:41:54.407941,12,99.1,8206,8241,12.5,2288,2287,18394,18446
2024-01-20 22:41:55.401194,12,0.0,2294,5267,10.62,1721,2004,10484,14463
2024-01-20 22:41:56.401454,12,0.0,1053,3160,2.87,1243,1623,8403,11432
2024-01-20 22:41:57.401282,12,0.0,287,1723,3.37,1148,1385,7386,9407
2024-01-20 22:41:58.402474,12,0.0,0,861,2.87,1148,1266,7059,8231
2024-01-20 22:41:59.402596,12,0.0,0,430,2.87,1149,1207,7028,7627
2024-01-20 22:42:00.402693,12,0.0,0,215,3.12,1150,1178,7031,7328
2024-01-20 22:42:01.404413,12,0.0,0,107,3.0,1150,1164,7031,7177
2024-01-20 22:42:02.404694,12,0.0,0,53,3.0,1150,1157,7031,7103
2024-01-20 22:42:03.405667,12,0.0,0,26,2.87,1150,1153,7027,7063
2024-01-20 22:42:04.405820,12,0.0,0,13,2.75,1150,1151,7031,7045
2024-01-20 22:42:05.405825,12,0.0,0,6,3.0,1151,1151,7067,7055
2024-01-20 22:42:06.420950,12,0.0,0,3,3.25,1151,1151,7034,7044
2024-01-20 22:42:07.418334,12,0.0,0,1,15.37,2972,2061,8984,8012
2024-01-20 22:42:08.410147,12,0.0,0,0,7.37,1438,1748,7359,7684
2024-01-20 22:42:09.409063,12,0.0,0,0,3.25,1150,1449,7070,7377
2024-01-20 22:42:10.410299,12,0.0,0,0,2.75,1150,1299,7031,7203
2024-01-20 22:42:11.417889,12,0.0,0,0,3.75,1150,1224,7070,7136
2024-01-20 22:42:12.420091,12,0.0,95,47,6.87,2013,1618,8159,7645
2024-01-20 22:42:13.416421,12,99.5,671,359,7.12,1723,1671,8835,8240
2024-01-20 22:42:14.418698,12,0.0,383,371,5.62,1438,1554,8127,8181
2024-01-20 22:42:15.419336,12,99.6,861,616,8.87,1722,1638,9153,8666
2024-01-20 22:42:16.420870,12,33.7,7443,4029,12.87,2193,1915,17345,13003
2024-01-20 22:42:17.422325,12,84.8,7729,5879,12.87,2288,2101,17917,15459
2024-01-20 22:42:18.417793,12,98.6,8009,6944,12.25,2288,2194,18007,16731
2024-01-20 22:42:19.419919,12,0.0,8391,7667,12.62,2288,2241,18523,17625
2024-01-20 22:42:20.420281,12,20.3,8391,8029,13.0,2191,2216,18423,18023
2024-01-20 22:42:21.420074,12,35.79,8200,8114,12.87,2288,2252,18427,18224
2024-01-20 22:42:22.419290,12,95.4,8009,8062,12.75,2288,2270,18237,18230
2024-01-20 22:42:23.423214,12,0.0,8487,8274,12.5,2288,2279,18711,18469
2024-01-20 22:42:24.421169,12,33.1,8296,8285,12.62,2191,2235,18423,18445
2024-01-20 22:42:25.422679,12,99.3,7819,8052,13.12,2288,2261,18007,18225
2024-01-20 22:42:26.421789,12,31.0,8200,8126,12.25,2288,2274,18292,18257
2024-01-20 22:42:27.425190,12,0.0,8677,8401,12.75,2288,2281,18997,18626
2024-01-20 22:42:28.424727,12,79.0,7819,8109,12.87,2288,2284,18007,18315
2024-01-20 22:42:29.423677,12,98.5,8105,8106,12.62,2288,2286,18198,18255
2024-01-20 22:42:30.426754,12,0.0,8677,8392,12.5,2191,2238,18804,18528
2024-01-20 22:42:31.425865,12,27.0,8105,8248,12.75,2288,2263,18293,18409
2024-01-20 22:42:32.425996,12,89.7,7914,8081,13.0,2288,2275,18046,18227
2024-01-20 22:42:33.424790,12,98.5,8200,8140,13.0,2288,2281,18385,18304
2024-01-20 22:42:34.427532,12,0.0,8116,8128,13.0,2387,2334,18218,18260
2024-01-20 22:42:35.425708,12,0.0,2109,5118,9.87,1628,1981,10216,14237
2024-01-20 22:42:36.423794,12,0.0,1055,3086,2.87,1246,1613,8415,11324
2024-01-20 22:42:37.423759,12,0.0,287,1686,3.12,1150,1381,7431,9376
2024-01-20 22:42:38.424684,12,0.0,0,843,3.12,1150,1265,7066,8219
2024-01-20 22:42:39.425642,12,0.0,0,421,2.5,1150,1207,7066,7641
2024-01-20 22:42:40.421591,12,0.0,0,210,3.25,1150,1178,7070,7354
2024-01-20 22:42:41.425940,12,0.0,0,105,2.87,1150,1164,7066,7209
2024-01-20 22:42:42.433080,12,0.0,0,52,6.0,1917,1540,7969,7587
2024-01-20 22:42:43.429540,12,99.4,671,361,7.62,1532,1536,8643,8114
2024-01-20 22:42:44.432638,12,0.0,1054,707,7.0,1532,1534,8834,8473
2024-01-20 22:42:45.435156,12,99.5,6393,3550,12.62,2290,1912,16165,12318
2024-01-20 22:42:46.434821,12,98.6,7914,5732,12.5,2288,2100,18046,15181
2024-01-20 22:42:47.435797,12,0.0,8487,7109,13.37,2288,2194,18616,16897
2024-01-20 22:42:48.434714,12,18.2,8296,7702,12.87,2288,2241,18520,17707
2024-01-20 22:42:49.433958,12,97.0,7819,7759,12.25,2288,2264,17912,17807
2024-01-20 22:42:50.435078,12,85.0,8105,7931,12.75,2288,2276,18198,18001
2024-01-20 22:42:51.434928,12,41.8,8200,8066,12.75,2287,2281,18328,18164
2024-01-20 22:42:52.434253,12,99.4,7819,7942,12.87,2288,2284,17951,18056
2024-01-20 22:42:53.436090,12,60.2,8105,8023,12.5,2288,2286,18197,18126
2024-01-20 22:42:54.436435,12,0.0,8582,8302,13.0,2288,2287,18902,18513
2024-01-20 22:42:55.436250,12,44.4,8200,8251,12.87,2193,2240,18237,18374
2024-01-20 22:42:56.436901,12,99.4,7819,8034,12.62,2288,2264,18007,18189
2024-01-20 22:42:57.439308,12,58.1,8487,8261,12.25,2288,2276,18616,18401
2024-01-20 22:42:58.438141,12,46.6,8200,8230,13.25,2288,2282,18332,18366
2024-01-20 22:42:59.438190,12,99.3,7914,8072,13.12,2288,2285,18141,18253
2024-01-20 22:43:00.438488,12,47.5,8105,8088,12.37,2288,2286,18236,18242
2024-01-20 22:43:01.440391,12,0.0,8582,8335,12.75,2288,2287,18806,18523
2024-01-20 22:43:02.441441,12,1.1,8391,8363,12.75,2287,2287,18614,18567
2024-01-20 22:43:03.440513,12,80.4,8015,8189,13.0,2288,2287,18147,18355
2024-01-20 22:43:04.452082,12,0.0,3925,6057,13.0,2200,2243,13060,15706
2024-01-20 22:43:05.436983,12,0.0,1246,3651,3.75,1246,1744,8740,12222
2024-01-20 22:43:06.436114,12,0.0,383,2017,2.62,1150,1447,7528,9874
2024-01-20 22:43:07.437019,12,0.0,0,1008,3.37,1150,1298,7066,8468
2024-01-20 22:43:08.437027,12,0.0,0,504,2.87,1150,1224,7066,7766
2024-01-20 22:43:09.438093,12,0.0,0,252,2.75,1150,1187,7070,7418
2024-01-20 22:43:10.439429,12,0.0,0,126,3.0,1150,1168,7066,7241
2024-01-20 22:43:11.446619,12,0.0,0,63,4.25,1533,1350,7545,7392
2024-01-20 22:43:12.444514,12,99.6,861,462,8.5,1723,1537,9026,8207
2024-01-20 22:43:13.440511,12,0.0,1150,806,5.75,1246,1391,8644,8424
2024-01-20 22:43:14.448691,12,0.0,766,786,5.12,1628,1509,8602,8512
2024-01-20 22:43:15.447078,12,98.7,4869,2827,10.25,2100,1804,14316,11412
2024-01-20 22:43:16.447973,12,0.0,7628,5227,12.75,2288,2046,17816,14612
2024-01-20 22:43:17.449182,12,5.0,8391,6809,13.12,2287,2166,18519,16563
2024-01-20 22:43:18.447518,12,84.4,8009,7409,12.87,2288,2227,18103,17331
2024-01-20 22:43:19.449372,12,99.1,8009,7709,12.25,2288,2257,18198,17763
2024-01-20 22:43:20.450049,12,21.7,8487,8098,13.5,2288,2272,18714,18237
2024-01-20 22:43:21.450786,12,61.8,7723,7911,12.75,2288,2280,17855,18045
2024-01-20 22:43:22.449474,12,98.7,8105,8008,12.37,2288,2284,18329,18186
2024-01-20 22:43:23.452282,12,17.5,8487,8247,12.62,2288,2286,18711,18448
2024-01-20 22:43:24.452767,12,0.0,8582,8414,12.75,2288,2287,18902,18673
2024-01-20 22:43:25.452492,12,1.4,8200,8307,13.0,2288,2287,18293,18481
2024-01-20 22:43:26.454877,12,64.7,7914,8109,12.87,2288,2287,18102,18290
2024-01-20 22:43:27.452579,12,98.6,8105,8106,12.12,2288,2287,18329,18308
2024-01-20 22:43:28.454710,12,0.0,8296,8201,13.87,2288,2287,18520,18411
2024-01-20 22:43:29.455010,12,69.9,7914,8056,12.37,2288,2287,18007,18207
2024-01-20 22:43:30.452649,12,98.6,8105,8081,12.12,2288,2287,18290,18247
2024-01-20 22:43:31.458019,12,0.0,8487,8284,12.87,2287,2287,18710,18478
2024-01-20 22:43:32.456769,12,0.8,8391,8337,12.62,2288,2287,18615,18545
2024-01-20 22:43:33.459315,12,69.59,7823,8080,12.75,2290,2288,18014,18277
2024-01-20 22:43:34.462935,12,39.2,5645,6862,13.12,2392,2340,15393,16834
2024-01-20 22:43:35.451672,12,0.0,1438,4150,5.75,1342,1841,9124,12977
2024-01-20 22:43:36.451901,12,0.0,767,2458,3.0,1150,1495,7991,10482
2024-01-20 22:43:37.454054,12,0.0,0,1229,3.37,1151,1323,7069,8774
2024-01-20 22:43:38.452985,12,0.0,0,614,2.75,1151,1237,7069,7920
2024-01-20 22:43:39.453877,12,0.0,0,307,2.75,1151,1194,7069,7494
2024-01-20 22:43:40.455174,12,0.0,0,153,3.0,1151,1172,7067,7278
2024-01-20 22:43:41.453925,12,0.0,0,76,2.75,1150,1161,7066,7170
2024-01-20 22:43:42.454085,12,0.0,0,38,3.37,1150,1155,7070,7120
2024-01-20 22:43:43.455255,12,0.0,0,19,3.0,1150,1152,7070,7094
2024-01-20 22:43:44.463905,12,0.0,0,9,5.75,1821,1486,7833,7461
2024-01-20 22:43:45.457265,12,0.0,1629,819,10.12,1628,1557,9601,8531
2024-01-20 22:43:46.460719,12,0.0,1055,937,3.25,1342,1449,8511,8520
2024-01-20 22:43:47.465847,12,0.0,5074,3005,9.62,2200,1824,14401,11459
2024-01-20 22:43:48.463892,12,18.1,8015,5510,12.62,2288,2056,18108,14782
2024-01-20 22:43:49.465488,12,93.5,7920,6715,12.5,2288,2172,18052,16416
2024-01-20 22:43:50.463848,12,62.1,8296,7505,12.5,2288,2230,18520,17467
2024-01-20 22:43:51.464983,12,0.0,8487,7995,12.62,2287,2258,18806,18135
2024-01-20 22:43:52.467316,12,51.3,8009,8003,12.87,2288,2273,18237,18185
2024-01-20 22:43:53.467173,12,98.9,8391,8197,12.62,2288,2280,18615,18399
2024-01-20 22:43:54.469425,12,0.0,8391,8294,12.87,2287,2283,18614,18504
2024-01-20 22:43:55.468489,12,65.2,7914,8104,12.5,2288,2285,18007,18254
2024-01-20 22:43:56.468286,12,98.7,8009,8056,12.5,2288,2286,18237,18244
2024-01-20 22:43:57.469665,12,0.0,8582,8319,12.75,2288,2287,18806,18523
2024-01-20 22:43:58.469610,12,26.5,8200,8259,12.75,2288,2287,18427,18473
2024-01-20 22:43:59.468438,12,99.2,8009,8134,12.62,2288,2287,18237,18352
2024-01-20 22:44:00.471492,12,0.8,8391,8262,12.37,2288,2287,18618,18483
2024-01-20 22:44:01.470671,12,88.3,7914,8088,12.75,2288,2287,18141,18310
2024-01-20 22:44:02.472621,12,98.6,8105,8095,12.75,2288,2287,18237,18271
2024-01-20 22:44:03.473293,12,0.0,8677,8386,12.75,2288,2287,18997,18632
2024-01-20 22:44:04.475917,12,51.2,8105,8245,12.75,2287,2287,18289,18459
2024-01-20 22:44:05.472580,12,98.6,8105,8175,12.62,2288,2287,18237,18346
2024-01-20 22:44:06.473930,12,61.8,6015,7095,13.12,2385,2336,15786,17064
2024-01-20 22:44:07.468245,12,0.0,1533,4314,6.5,1437,1886,9314,13187
2024-01-20 22:44:08.469267,12,0.0,575,2444,2.87,1150,1518,7759,10473
2024-01-20 22:44:09.469780,12,0.0,0,1222,3.12,1150,1334,7066,8769
2024-01-20 22:44:10.472015,12,0.0,0,611,3.12,1150,1242,7066,7917
2024-01-20 22:44:11.473749,12,0.0,0,305,2.87,1150,1196,7066,7489
2024-01-20 22:44:12.470764,12,0.0,0,152,2.62,1150,1173,7066,7276
2024-01-20 22:44:13.471964,12,0.0,0,76,2.87,1150,1161,7066,7170
2024-01-20 22:44:14.478011,12,0.0,0,38,6.12,1821,1491,7873,7520
2024-01-20 22:44:15.475719,12,99.5,671,354,8.5,1532,1511,8643,8080
2024-01-20 22:44:16.476085,12,0.0,479,416,5.0,1438,1474,8263,8170
2024-01-20 22:44:17.478613,12,99.1,1629,1022,8.37,1916,1695,10119,9143
2024-01-20 22:44:18.483623,12,17.6,7633,4327,12.25,2194,1944,17632,13385
2024-01-20 22:44:19.480455,12,39.2,8009,6168,12.75,2288,2116,18237,15810
2024-01-20 22:44:20.480137,12,98.8,8105,7136,12.87,2288,2202,18290,17049
2024-01-20 22:44:21.481321,12,0.0,8677,7906,12.62,2287,2244,18901,17973
2024-01-20 22:44:22.482901,12,68.7,7914,7909,13.25,2288,2266,18004,17987
2024-01-20 22:44:23.480515,12,79.3,8296,8103,12.37,2288,2277,18520,18252
2024-01-20 22:44:24.483846,12,76.0,8009,8056,13.0,2288,2282,18139,18194
2024-01-20 22:44:25.482385,12,64.59,8296,8176,12.25,2288,2285,18425,18308
2024-01-20 22:44:26.484784,12,0.0,8487,8331,12.62,2288,2286,18616,18460
2024-01-20 22:44:27.484164,12,56.0,8200,8265,12.5,2288,2287,18427,18442
2024-01-20 22:44:28.484045,12,98.5,8105,8184,12.87,2288,2287,18234,18336
2024-01-20 22:44:29.486183,12,0.0,8677,8431,13.0,2288,2287,19037,18685
2024-01-20 22:44:30.484289,12,98.5,8105,8268,12.62,2384,2335,18425,18553
2024-01-20 22:44:31.487257,12,0.0,8677,8472,12.62,2287,2311,19036,18793
2024-01-20 22:44:32.485326,12,99.5,8009,8241,12.5,2288,2299,18234,18512
2024-01-20 22:44:33.486065,12,2.9,8487,8364,12.5,2287,2293,18806,18658
2024-01-20 22:44:34.487486,12,43.6,8296,8330,12.5,2288,2290,18616,18635
2024-01-20 22:44:35.486649,12,98.6,8200,8265,12.12,2288,2289,18427,18530
2024-01-20 22:44:36.488306,12,0.0,6401,7333,12.87,2482,2385,16272,17400
2024-01-20 22:44:37.484931,12,0.0,1725,4529,7.87,1532,1958,9640,13519
2024-01-20 22:44:38.483028,12,0.0,1055,2792,3.25,1246,1602,8551,11034
2024-01-20 22:44:39.483073,12,0.0,287,1539,2.87,1150,1376,7528,9280
2024-01-20 22:44:40.485210,12,0.0,0,769,2.62,1150,1263,7162,8219
2024-01-20 22:44:41.485215,12,0.0,0,384,3.12,1150,1206,7066,7641
2024-01-20 22:44:42.486252,12,0.0,0,192,2.75,1150,1178,7066,7353
2024-01-20 22:44:43.486659,12,0.0,0,96,3.87,1342,1260,7354,7353
2024-01-20 22:44:44.492545,12,54.3,1438,767,8.5,2107,1682,10040,8696
2024-01-20 22:44:45.488736,12,0.0,1246,1006,6.5,1341,1512,8835,8764
2024-01-20 22:44:46.494501,12,1.5,1629,1317,7.5,2107,1809,10215,9488
2024-01-20 22:44:47.495076,12,0.0,8015,4666,12.75,2288,2048,18147,13816
2024-01-20 22:44:48.494723,12,36.0,8105,6385,12.75,2288,2168,18329,16069
2024-01-20 22:44:49.495583,12,99.3,7914,7148,12.12,2288,2228,18141,17104
2024-01-20 22:44:50.497184,12,0.0,8487,7818,13.0,2288,2258,18711,17906
2024-01-20 22:44:51.495265,12,20.8,8391,8104,12.75,2287,2272,18614,18258
2024-01-20 22:44:52.495156,12,99.0,8009,8056,12.62,2288,2280,18142,18199
2024-01-20 22:44:53.496325,12,19.8,8391,8224,12.62,2287,2283,18614,18405
2024-01-20 22:44:54.496436,12,99.1,7914,8069,12.75,2288,2285,18141,18271
2024-01-20 22:44:55.496430,12,46.6,8200,8134,12.75,2287,2286,18423,18345
2024-01-20 22:44:56.500418,12,0.0,8487,8310,12.5,2287,2286,18806,18573
2024-01-20 22:44:57.501634,12,83.2,7914,8112,13.0,2288,2287,18138,18354
2024-01-20 22:44:58.498712,12,96.0,8200,8156,12.25,2288,2287,18427,18389
2024-01-20 22:44:59.500577,12,51.2,8105,8130,12.75,2287,2287,18233,18309
2024-01-20 22:45:00.500812,12,98.5,8009,8070,12.25,2288,2287,18234,18270
2024-01-20 22:45:01.501966,12,0.0,8487,8278,12.87,2287,2287,18710,18488
2024-01-20 22:45:02.503655,12,27.4,8391,8334,12.62,2288,2287,18523,18503
2024-01-20 22:45:03.503924,12,99.4,7914,8123,12.75,2288,2287,18138,18319
2024-01-20 22:45:04.502893,12,29.0,8200,8162,12.5,2287,2287,18423,18369
2024-01-20 22:45:05.504260,12,91.3,7256,7709,13.25,2385,2336,17355,17861
2024-01-20 22:45:06.499429,12,0.0,1916,4812,8.62,1628,1982,10020,13938
2024-01-20 22:45:07.497510,12,0.0,863,2837,3.25,1246,1614,8319,11128
2024-01-20 22:45:08.498711,12,0.0,95,1466,2.87,1150,1382,7161,9144
2024-01-20 22:45:09.498920,12,0.0,0,733,3.12,1150,1266,7066,8103
2024-01-20 22:45:10.498808,12,0.0,0,366,3.25,1150,1208,7066,7583
2024-01-20 22:45:11.499867,12,0.0,0,183,2.75,1150,1179,7066,7323
2024-01-20 22:45:12.500226,12,0.0,0,91,3.12,1150,1164,7066,7193
2024-01-20 22:45:13.509715,12,0.0,0,45,5.12,1821,1492,7833,7511
2024-01-20 22:45:14.505325,12,0.0,1723,884,10.37,1723,1607,9885,8697
2024-01-20 22:45:15.507495,12,88.5,2682,1782,8.62,2202,1905,11552,10124
2024-01-20 22:45:16.512723,12,62.9,7823,4803,12.62,2288,2096,17822,13971
2024-01-20 22:45:17.514579,12,0.0,8582,6692,12.87,2288,2192,18902,16434
2024-01-20 22:45:18.511618,12,51.3,8200,7445,12.5,2287,2239,18423,17427
2024-01-20 22:45:19.512417,12,98.7,8009,7728,12.5,2288,2263,18237,17830
2024-01-20 22:45:20.514155,12,0.0,8582,8155,12.87,2287,2275,18901,18364
2024-01-20 22:45:21.513197,12,35.5,8296,8225,12.87,2382,2328,18614,18487
2024-01-20 22:45:22.511946,12,26.6,8200,8212,12.75,2384,2356,18523,18503
2024-01-20 22:45:23.514644,12,4.2,8487,8349,12.87,2287,2321,18711,18605
2024-01-20 22:45:24.515208,12,76.09,7914,8131,12.75,2384,2352,18198,18399
2024-01-20 22:45:25.516629,12,98.7,8009,8070,12.62,2288,2320,18234,18315
2024-01-20 22:45:26.517503,12,16.0,8296,8183,12.5,2384,2352,18616,18464
2024-01-20 22:45:27.520936,12,0.0,8582,8382,12.87,2287,2319,18901,18680
2024-01-20 22:45:28.519749,12,99.4,7819,8100,13.0,2384,2351,18047,18361
2024-01-20 22:45:29.517213,12,42.1,8200,8150,12.62,2288,2319,18522,18440
2024-01-20 22:45:30.517316,12,0.0,8677,8413,12.75,2288,2303,19039,18737
2024-01-20 22:45:31.518643,12,71.2,8105,8259,12.87,2287,2295,18424,18579
2024-01-20 22:45:32.518885,12,98.6,8009,8134,12.5,2288,2291,18234,18404
2024-01-20 22:45:33.519324,12,0.0,8487,8310,12.75,2287,2289,18710,18556
2024-01-20 22:45:34.519708,12,29.9,7161,7734,12.62,2385,2337,17164,17858
2024-01-20 22:45:35.518199,12,0.0,1821,4778,9.0,1628,1982,9928,13891
2024-01-20 22:45:36.514494,12,0.0,1055,2916,3.37,1246,1614,8551,11220
2024-01-20 22:45:37.514132,12,0.0,287,1601,2.5,1150,1382,7528,9372
2024-01-20 22:45:38.514197,12,0.0,0,800,3.37,1150,1266,7162,8265
2024-01-20 22:45:39.515432,12,0.0,0,400,2.87,1150,1208,7162,7713
2024-01-20 22:45:40.514310,12,0.0,0,200,3.0,1150,1179,7162,7437
2024-01-20 22:45:41.518617,12,0.0,0,100,3.0,1246,1212,7258,7345
2024-01-20 22:45:42.521826,12,27.6,95,97,7.62,2109,1660,8431,7886
2024-01-20 22:45:43.516740,12,0.0,1438,767,8.25,1532,1596,9314,8599
2024-01-20 22:45:44.521378,12,0.0,1054,910,4.12,1438,1517,8742,8669
2024-01-20 22:45:45.523997,12,99.5,6588,3749,13.12,2291,1904,16361,12514
2024-01-20 22:45:46.524984,12,57.0,8105,5927,12.62,2384,2144,18428,15469
2024-01-20 22:45:47.526336,12,0.0,8677,7302,13.0,2287,2215,19036,17252
2024-01-20 22:45:48.527754,12,70.5,8009,7656,12.75,2288,2251,18138,17694
2024-01-20 22:45:49.526995,12,98.6,8105,7880,12.87,2288,2269,18329,18010
2024-01-20 22:45:50.528788,12,0.0,8677,8278,12.5,2287,2278,19036,18522
2024-01-20 22:45:51.531423,12,99.2,7914,8095,12.75,2288,2283,18046,18283
2024-01-20 22:45:52.532005,12,0.2,8487,8291,12.5,2287,2285,18806,18543
2024-01-20 22:45:53.528651,12,33.2,8391,8341,12.87,2288,2286,18615,18577
2024-01-20 22:45:54.527748,12,98.9,8009,8175,12.62,2288,2287,18142,18359
2024-01-20 22:45:55.528501,12,0.0,8582,8378,12.5,2288,2287,18904,18630
2024-01-20 22:45:56.527678,12,74.9,8296,8337,12.87,2288,2287,18579,18602
2024-01-20 22:45:57.529598,12,0.0,8677,8507,12.62,2288,2287,18902,18750
2024-01-20 22:45:58.529812,12,99.0,8009,8258,12.5,2288,2287,18142,18444
2024-01-20 22:45:59.530648,12,9.3,8391,8324,12.0,2384,2335,18711,18575
2024-01-20 22:46:00.529921,12,36.4,8487,8405,12.75,2288,2311,18714,18642
2024-01-20 22:46:01.530838,12,98.5,8105,8255,12.37,2384,2347,18428,18533
2024-01-20 22:46:02.531707,12,0.0,8773,8514,12.75,2287,2317,19132,18831
2024-01-20 22:46:03.531997,12,91.6,8105,8309,12.62,2287,2302,18328,18577
2024-01-20 22:46:04.529468,12,0.0,2776,5542,11.37,1913,2107,11395,14984
2024-01-20 22:46:05.530004,12,0.0,1150,3346,3.37,1246,1676,8644,11812
2024-01-20 22:46:06.528508,12,0.0,287,1816,3.25,1150,1413,7528,9668
2024-01-20 22:46:07.527595,12,0.0,0,908,3.0,1151,1282,7163,8415
2024-01-20 22:46:08.528720,12,0.0,0,454,3.12,1150,1216,7162,7787
2024-01-20 22:46:09.529892,12,0.0,0,227,3.0,1150,1183,7162,7473
2024-01-20 22:46:10.527787,12,0.0,0,113,3.0,1150,1166,7162,7315
2024-01-20 22:46:11.530115,12,0.0,0,56,2.87,1150,1158,7162,7238
2024-01-20 22:46:12.559393,12,0.0,0,28,3.87,1343,1250,7395,7315
2024-01-20 22:46:13.536909,12,99.5,575,301,8.75,1820,1535,8835,8073
2024-01-20 22:46:14.542371,12,0.0,1246,773,8.12,1628,1581,9218,8644
2024-01-20 22:46:15.540088,12,98.5,6684,3728,12.25,2291,1936,16690,12665
2024-01-20 22:46:16.539226,12,0.0,8677,6202,12.5,2287,2111,18996,15829
2024-01-20 22:46:17.538717,12,81.9,8009,7106,12.75,2288,2199,18237,17032
2024-01-20 22:46:18.539688,12,66.8,8200,7653,12.37,2288,2243,18424,17727
2024-01-20 22:46:19.540778,12,0.0,8582,8117,13.0,2288,2265,18944,18334
2024-01-20 22:46:20.538923,12,99.5,7914,8015,12.62,2288,2276,18043,18187
2024-01-20 22:46:21.540881,12,0.0,8582,8298,12.75,2384,2330,18998,18591
2024-01-20 22:46:22.541108,12,99.4,8009,8154,12.62,2287,2308,18233,18411
2024-01-20 22:46:23.542472,12,0.0,8677,8415,12.62,2288,2298,18997,18702
2024-01-20 22:46:24.542183,12,58.4,8296,8355,13.0,2287,2292,18520,18610
2024-01-20 22:46:25.541063,12,98.5,8009,8181,12.12,2288,2290,18332,18469
2024-01-20 22:46:26.542177,12,0.0,8773,8477,12.75,2287,2288,19092,18779
2024-01-20 22:46:27.545598,12,98.5,8105,8291,12.87,2384,2336,18428,18602
2024-01-20 22:46:28.545272,12,0.0,8677,8484,12.75,2287,2311,18996,18797
2024-01-20 22:46:29.545450,12,99.5,8009,8247,12.37,2288,2299,18234,18514
2024-01-20 22:46:30.546344,12,0.0,8487,8367,12.25,2287,2293,18806,18659
2024-01-20 22:46:31.546443,12,56.4,8296,8331,12.37,2288,2290,18616,18635
2024-01-20 22:46:32.545606,12,57.8,8296,8313,12.75,2287,2288,18519,18575
2024-01-20 22:46:33.547096,12,37.6,8487,8400,12.25,2287,2287,18806,18689
2024-01-20 22:46:34.545273,12,0.0,2489,5444,10.75,1819,2053,10880,14783
2024-01-20 22:46:35.543413,12,0.0,1150,3297,3.12,1246,1648,8604,11691
2024-01-20 22:46:36.545464,12,0.0,287,1792,3.0,1246,1447,7623,9655
2024-01-20 22:46:37.546491,12,0.0,0,896,3.37,1246,1346,7258,8455
2024-01-20 22:46:38.544482,12,0.0,0,448,3.0,1150,1248,7162,7806
2024-01-20 22:46:39.545649,12,0.0,0,224,2.75,1150,1199,7162,7484
2024-01-20 22:46:40.545544,12,0.0,0,112,3.25,1150,1174,7162,7320
2024-01-20 22:46:41.555920,12,0.0,0,56,2.62,1342,1258,7354,7337
2024-01-20 22:46:42.549185,12,99.3,287,171,7.87,1917,1587,8431,7881
2024-01-20 22:46:43.553415,12,0.0,1342,756,8.25,1532,1559,9218,8548
2024-01-20 22:46:44.557047,12,98.5,4873,2814,10.25,2291,1925,14322,11435
2024-01-20 22:46:45.553098,12,51.9,8200,5507,13.12,2288,2106,18427,14929
2024-01-20 22:46:46.552063,12,26.3,8296,6901,12.37,2287,2196,18519,16722
2024-01-20 22:46:47.553390,12,98.5,8296,7598,12.12,2384,2290,18521,17620
2024-01-20 22:46:48.555397,12,0.0,8677,8137,12.62,2287,2288,18996,18306
2024-01-20 22:46:49.554632,12,86.3,8009,8073,12.5,2288,2288,18332,18318
2024-01-20 22:46:50.556905,12,0.0,8487,8280,12.5,2287,2287,18806,18561
2024-01-20 22:46:51.558208,12,89.7,8009,8145,12.75,2288,2287,18234,18396
2024-01-20 22:46:52.560832,12,24.6,8487,8316,12.5,2382,2334,18901,18648
2024-01-20 22:46:53.558024,12,31.8,8200,8258,13.12,2288,2311,18522,18584
2024-01-20 22:46:54.558754,12,98.6,8296,8277,11.87,2384,2347,18712,18646
2024-01-20 22:46:55.557509,12,0.0,8582,8429,12.87,2287,2317,18901,18771
2024-01-20 22:46:56.560258,12,99.4,8105,8267,12.25,2384,2350,18521,18644
2024-01-20 22:46:57.558834,12,16.3,8391,8329,12.87,2287,2318,18710,18675
2024-01-20 22:46:58.558957,12,98.9,8105,8217,12.37,2384,2351,18521,18596
2024-01-20 22:46:59.558890,12,0.0,8677,8447,12.5,2287,2319,19036,18814
2024-01-20 22:47:00.559243,12,86.7,8009,8228,12.75,2288,2303,18139,18474
2024-01-20 22:47:01.559960,12,35.5,8391,8309,12.62,2382,2342,18805,18637
2024-01-20 22:47:02.560262,12,28.1,8391,8350,12.12,2287,2314,18710,18672
2024-01-20 22:47:03.564718,12,0.0,4018,6184,13.25,2200,2257,13288,15980
2024-01-20 22:47:04.557850,12,0.0,1246,3715,4.0,1341,1798,8835,12406
2024-01-20 22:47:05.557677,12,0.0,767,2241,2.75,1246,1522,8223,10313
2024-01-20 22:47:06.558644,12,0.0,0,1120,3.25,1150,1336,7202,8757
2024-01-20 22:47:07.556810,12,0.0,0,560,3.0,1150,1243,7162,7958
2024-01-20 22:47:08.556752,12,0.0,0,280,2.87,1150,1196,7162,7559
2024-01-20 22:47:09.557912,12,0.0,0,140,2.87,1150,1173,7162,7359
2024-01-20 22:47:10.563177,12,0.0,0,70,2.75,1246,1209,7258,7306
2024-01-20 22:47:11.564229,12,99.3,479,274,8.25,2013,1611,8852,8078
2024-01-20 22:47:12.565497,12,0.0,1342,808,8.62,1628,1619,9314,8694
2024-01-20 22:47:13.567870,12,0.0,6588,3697,11.37,2196,1907,16404,12547
2024-01-20 22:47:14.567706,12,78.59,7819,5758,12.62,2384,2145,18047,15294
2024-01-20 22:47:15.566709,12,55.0,8391,7073,12.5,2384,2264,18711,17001
2024-01-20 22:47:16.568247,12,20.3,8391,7731,12.62,2382,2323,18805,17902
2024-01-20 22:47:17.566848,12,98.6,8200,7966,12.37,2288,2305,18520,18209
2024-01-20 22:47:18.568852,12,99.3,7819,7892,12.75,2384,2344,18139,18171
2024-01-20 22:47:19.570096,12,0.0,8487,8189,12.62,2288,2316,18807,18487
2024-01-20 22:47:20.571775,12,44.9,8105,8147,13.0,2288,2302,18329,18407
2024-01-20 22:47:21.569905,12,99.4,7914,8030,12.75,2384,2343,18332,18369
2024-01-20 22:47:22.570986,12,30.2,8391,8210,12.12,2382,2362,18709,18537
2024-01-20 22:47:23.575587,12,5.0,8391,8300,13.0,2382,2372,18805,18669
2024-01-20 22:47:24.573249,12,91.4,8009,8155,12.37,2288,2330,18332,18499
2024-01-20 22:47:25.574331,12,76.8,8296,8225,12.62,2287,2308,18424,18459
2024-01-20 22:47:26.574584,12,59.9,8009,8117,13.25,2384,2346,18332,18394
2024-01-20 22:47:27.574204,12,98.6,8200,8158,12.37,2384,2365,18616,18503
2024-01-20 22:47:28.580570,12,0.0,8582,8370,12.25,2287,2326,18901,18701
2024-01-20 22:47:29.578835,12,58.1,8105,8237,13.62,2288,2307,18329,18513
2024-01-20 22:47:30.576407,12,98.8,8009,8123,12.37,2288,2297,18332,18420
2024-01-20 22:47:31.578353,12,0.0,8582,8352,12.5,2287,2292,18901,18659
2024-01-20 22:47:32.586321,12,0.0,4305,6328,14.12,2294,2293,13628,16141
2024-01-20 22:47:33.572007,12,0.0,1342,3835,4.12,1341,1817,8931,12536
2024-01-20 22:47:34.571115,12,0.0,863,2349,3.0,1246,1531,8319,10426
2024-01-20 22:47:35.572124,12,0.0,95,1222,3.0,1150,1340,7297,8860
2024-01-20 22:47:36.572103,12,0.0,0,611,3.12,1150,1245,7202,8029
2024-01-20 22:47:37.572460,12,0.0,0,305,3.12,1150,1197,7162,7594
2024-01-20 22:47:38.572392,12,0.0,0,152,2.62,1150,1173,7162,7376
2024-01-20 22:47:39.581672,12,0.0,0,76,3.25,1342,1257,7354,7364
2024-01-20 22:47:40.579635,12,99.0,1054,565,8.37,2107,1682,9521,8442
2024-01-20 22:47:41.579026,12,0.0,1246,905,8.75,1628,1655,9218,8828
2024-01-20 22:47:42.586419,12,99.4,5729,3317,11.12,2291,1973,15409,12118
2024-01-20 22:47:43.585599,12,21.2,8391,5854,12.75,2384,2178,18711,15413
2024-01-20 22:47:44.582057,12,0.8,8391,7122,12.87,2287,2232,18710,17060
2024-01-20 22:47:45.582377,12,99.6,8009,7566,12.37,2288,2260,18330,17695
2024-01-20 22:47:46.583170,12,62.9,8296,7931,12.5,2384,2322,18616,18154
2024-01-20 22:47:47.585313,12,0.0,8582,8256,12.62,2287,2304,18846,18498
2024-01-20 22:47:48.588729,12,98.6,8009,8133,12.75,2384,2344,18238,18367
2024-01-20 22:47:49.586747,12,2.29,8391,8262,13.25,2384,2364,18807,18587
2024-01-20 22:47:50.586825,12,0.8,8391,8326,12.62,2287,2325,18710,18646
2024-01-20 22:47:51.588177,12,82.7,7914,8120,12.75,2384,2354,18332,18487
2024-01-20 22:47:52.587610,12,86.0,8200,8159,12.62,2384,2369,18523,18504
2024-01-20 22:47:53.591133,12,0.0,8677,8418,12.62,2287,2328,18996,18749
2024-01-20 22:47:54.591900,12,54.8,8105,8261,13.0,2288,2308,18329,18538
2024-01-20 22:47:55.589377,12,4.4,8487,8374,12.75,2384,2346,18903,18719
2024-01-20 22:47:56.590206,12,0.0,8487,8430,13.0,2287,2316,18846,18780
2024-01-20 22:47:57.589196,12,84.2,7914,8172,12.75,2288,2302,18138,18458
2024-01-20 22:47:58.590323,12,96.8,8200,8186,12.5,2384,2343,18616,18536
2024-01-20 22:47:59.595209,12,0.0,8677,8431,12.5,2287,2315,18996,18764
2024-01-20 22:48:00.596404,12,47.0,8105,8268,13.25,2288,2301,18427,18594
2024-01-20 22:48:01.604847,12,32.6,4879,6573,13.87,2486,2393,14488,16539
2024-01-20 22:48:02.587784,12,0.0,1342,3957,5.0,1341,1867,8891,12713
2024-01-20 22:48:03.588697,12,0.0,671,2314,3.37,1246,1556,8048,10378
2024-01-20 22:48:04.587705,12,0.0,0,1157,2.75,1246,1401,7258,8817
2024-01-20 22:48:05.592019,12,0.0,0,578,3.0,1246,1323,7123,7967
2024-01-20 22:48:06.589105,12,0.0,0,289,3.0,1150,1236,7123,7544
2024-01-20 22:48:07.588098,12,0.0,0,144,3.12,1150,1193,7123,7331
2024-01-20 22:48:08.593246,12,0.0,0,72,3.75,1343,1268,7316,7323
2024-01-20 22:48:09.592663,12,98.9,479,275,9.12,1820,1544,8659,7991
2024-01-20 22:48:10.594066,12,0.0,1246,760,7.62,1628,1586,9218,8604
2024-01-20 22:48:11.598929,12,99.6,6588,3674,12.25,2290,1938,16360,12482
2024-01-20 22:48:12.595664,12,43.7,8200,5937,12.87,2384,2161,18424,15451
2024-01-20 22:48:13.600855,12,0.0,8677,7306,12.87,2287,2224,19036,17243
2024-01-20 22:48:14.601023,12,70.0,8105,7706,12.62,2288,2256,18425,17834
2024-01-20 22:48:15.599187,12,98.6,8105,7905,12.37,2384,2320,18521,18176
2024-01-20 22:48:16.600959,12,0.0,8582,8243,12.62,2288,2304,18902,18537
2024-01-20 22:48:17.601174,12,99.4,7914,8078,12.75,2288,2296,18141,18337
2024-01-20 22:48:18.600925,12,18.8,8296,8187,12.87,2382,2339,18519,18427
2024-01-20 22:48:19.601975,12,3.4,8582,8384,12.75,2287,2313,18846,18636
2024-01-20 22:48:20.604544,12,91.5,8009,8197,12.87,2288,2300,18142,18387
2024-01-20 22:48:21.603966,12,98.6,8200,8198,12.12,2384,2342,18618,18501
2024-01-20 22:48:22.605014,12,0.0,8677,8437,12.75,2382,2362,19131,18815
2024-01-20 22:48:23.604224,12,98.6,7723,8080,13.0,2384,2373,18047,18429
2024-01-20 22:48:24.604426,12,99.5,7914,7997,12.75,2384,2378,18237,18331
2024-01-20 22:48:25.605703,12,98.5,8105,8051,12.75,2382,2380,18423,18376
2024-01-20 22:48:26.608585,12,0.0,8582,8316,12.5,2288,2334,18942,18657
2024-01-20 22:48:27.609809,12,0.0,8487,8401,13.0,2382,2358,18901,18777
2024-01-20 22:48:28.611275,12,45.5,8105,8253,12.75,2288,2323,18425,18600
2024-01-20 22:48:29.608355,12,99.4,8015,8134,12.75,2384,2353,18433,18514
2024-01-20 22:48:30.611024,12,0.0,3829,5981,12.87,2296,2324,13060,15786
2024-01-20 22:48:31.604137,12,0.0,1246,3613,3.75,1341,1832,8835,12308
2024-01-20 22:48:32.601021,12,0.0,479,2046,2.87,1246,1539,7856,10081
2024-01-20 22:48:33.603072,12,0.0,0,1023,3.12,1246,1392,7298,8688
2024-01-20 22:48:34.602288,12,0.0,0,511,2.87,1150,1271,7162,7923
2024-01-20 22:48:35.602052,12,0.0,0,254,3.0,1150,1210,7162,7540
2024-01-20 22:48:36.603092,12,0.0,0,127,2.87,1150,1180,7162,7348
2024-01-20 22:48:37.612948,12,0.0,0,63,6.12,1821,1500,7873,7609
2024-01-20 22:48:38.608820,12,0.0,2011,1037,10.5,1914,1707,10593,9100
2024-01-20 22:48:39.608944,12,0.0,1054,1045,4.37,1532,1619,8834,8965
2024-01-20 22:48:40.610046,12,98.5,6965,4004,12.75,2385,2002,16872,12918
2024-01-20 22:48:41.613014,12,0.0,8487,6246,12.62,2382,2192,18901,15908
2024-01-20 22:48:42.610143,12,72.9,8009,7128,12.75,2288,2240,18332,17120
2024-01-20 22:48:43.613427,12,74.3,8296,7712,12.37,2382,2311,18710,17914
2024-01-20 22:48:44.614371,12,1.1,8391,8051,12.5,2287,2299,18710,18310
2024-01-20 22:48:45.614248,12,99.2,8009,8030,12.75,2287,2293,18329,18319
2024-01-20 22:48:46.614328,12,21.7,8296,8163,13.0,2288,2290,18616,18466
2024-01-20 22:48:47.615477,12,98.8,8200,8181,12.25,2382,2336,18614,18538
2024-01-20 22:48:48.617515,12,0.0,8773,8477,12.62,2287,2311,19132,18834
2024-01-20 22:48:49.616013,12,56.3,8200,8338,12.62,2287,2299,18559,18695
2024-01-20 22:48:50.617278,12,98.5,8200,8269,12.5,2384,2341,18656,18673
2024-01-20 22:48:51.618644,12,0.0,8773,8521,12.75,2287,2314,19132,18901
2024-01-20 22:48:52.619668,12,99.5,7819,8170,13.0,2384,2349,18142,18520
2024-01-20 22:48:53.617867,12,81.09,8200,8184,12.62,2382,2365,18614,18565
2024-01-20 22:48:54.617663,12,0.0,8677,8431,12.37,2287,2326,19036,18799
2024-01-20 22:48:55.621852,12,55.6,8200,8315,13.25,2382,2354,18559,18678
2024-01-20 22:48:56.618775,12,98.8,8009,8162,12.25,2384,2369,18426,18551
2024-01-20 22:48:57.621812,12,0.2,8391,8276,12.75,2382,2375,18710,18628
2024-01-20 22:48:58.619879,12,21.6,8391,8333,12.87,2288,2331,18753,18689
2024-01-20 22:48:59.624408,12,0.0,2874,5603,11.62,2010,2170,11631,15158
2024-01-20 22:49:00.615570,12,0.0,1150,3376,3.75,1342,1755,8779,11967
2024-01-20 22:49:01.615469,12,0.0,383,1879,2.87,1246,1501,7759,9862
2024-01-20 22:49:02.616478,12,0.0,0,939,3.25,1246,1373,7298,8579
2024-01-20 22:49:03.616464,12,0.0,0,469,2.75,1246,1309,7298,7937
2024-01-20 22:49:04.617644,12,0.0,0,234,2.87,1150,1229,7202,7568
2024-01-20 22:49:05.618672,12,0.0,0,117,2.75,1150,1189,7202,7383
2024-01-20 22:49:06.620131,12,0.0,0,57,3.75,1342,1265,7394,7387
2024-01-20 22:49:07.623247,12,99.4,383,220,8.0,1820,1542,8563,7973
2024-01-20 22:49:08.621398,12,99.5,671,445,5.87,1723,1632,8874,8422
2024-01-20 22:49:09.624419,12,0.0,1054,749,5.75,1629,1630,9066,8743
2024-01-20 22:49:10.629617,12,99.0,6679,3714,13.5,2385,2008,16682,12712
2024-01-20 22:49:11.626210,12,98.6,8009,5862,12.75,2384,2196,18333,15522
2024-01-20 22:49:12.628904,12,0.0,8677,7269,12.75,2382,2289,19131,17325
2024-01-20 22:49:13.628467,12,33.9,8296,7781,12.37,2288,2288,18616,17969
2024-01-20 22:49:14.628601,12,99.3,7914,7848,12.75,2288,2288,18236,18102
2024-01-20 22:49:15.629851,12,24.5,8391,8119,12.62,2382,2335,18805,18452
2024-01-20 22:49:16.631882,12,77.4,8009,8064,12.87,2288,2311,18237,18342
2024-01-20 22:49:17.631619,12,98.6,8200,8131,12.12,2384,2347,18616,18478
2024-01-20 22:49:18.632261,12,0.0,8677,8404,12.37,2287,2317,19036,18755
2024-01-20 22:49:19.632133,12,39.2,8391,8397,13.12,2287,2302,18710,18731
2024-01-20 22:49:20.633103,12,99.0,7914,8155,12.37,2382,2342,18330,18528
2024-01-20 22:49:21.632851,12,0.0,8487,8321,12.25,2384,2363,18943,18734
2024-01-20 22:49:22.634241,12,99.5,7819,8070,13.25,2384,2373,18046,18388
2024-01-20 22:49:23.634960,12,53.7,8200,8134,12.5,2384,2378,18616,18500
2024-01-20 22:49:24.635198,12,0.0,8677,8406,12.87,2287,2332,19036,18766
2024-01-20 22:49:25.634667,12,85.0,8009,8208,12.62,2288,2310,18237,18500
2024-01-20 22:49:26.634977,12,69.8,8296,8252,12.12,2384,2347,18712,18604
2024-01-20 22:49:27.637391,12,0.0,8677,8464,13.0,2287,2317,18996,18798
2024-01-20 22:49:28.642538,12,60.6,8111,8287,12.75,2288,2302,18433,18614
2024-01-20 22:49:29.649237,12,0.0,2778,5532,11.87,2010,2156,11496,15054
2024-01-20 22:49:30.633325,12,0.0,1151,3340,3.12,1342,1748,8743,11897
2024-01-20 22:49:31.633074,12,0.0,287,1814,3.5,1246,1497,7623,9759
2024-01-20 22:49:32.633215,12,0.0,0,907,3.12,1246,1371,7298,8527
2024-01-20 22:49:33.633417,12,0.0,0,453,2.75,1246,1308,7258,7890
2024-01-20 22:49:34.634477,12,0.0,0,225,2.75,1246,1277,7258,7573
2024-01-20 22:49:35.635521,12,0.0,0,113,3.12,1246,1261,7258,7414
2024-01-20 22:49:36.642074,12,0.0,0,56,6.0,1917,1589,7969,7690
2024-01-20 22:49:37.636362,12,0.0,1916,986,9.5,1820,1704,10212,8950
2024-01-20 22:49:38.645990,12,0.0,1054,1020,3.62,1438,1571,8740,8844
2024-01-20 22:49:39.646108,12,0.0,5067,3043,9.5,2293,1932,14522,11681
2024-01-20 22:49:40.644993,12,5.3,8105,5574,12.87,2288,2110,18332,15005
2024-01-20 22:49:41.643120,12,83.0,7914,6744,13.0,2384,2247,18141,16573
2024-01-20 22:49:42.645017,12,98.5,8105,7423,12.75,2384,2315,18521,17545
2024-01-20 22:49:43.642914,12,0.0,8677,8050,12.87,2288,2301,19037,18290
2024-01-20 22:49:44.643258,12,36.0,8391,8220,12.75,2287,2294,18710,18499
2024-01-20 22:49:45.646058,12,99.1,8296,8258,12.62,2288,2291,18618,18557
2024-01-20 22:49:46.646345,12,0.0,8677,8467,12.87,2384,2337,19133,18843
2024-01-20 22:49:47.648362,12,55.8,8200,8333,12.62,2382,2359,18614,18727
2024-01-20 22:49:48.647437,12,98.7,8009,8170,12.75,2384,2371,18426,18574
2024-01-20 22:49:49.649670,12,0.0,8487,8329,12.5,2382,2376,18901,18736
2024-01-20 22:49:50.648673,12,30.3,8391,8360,12.62,2287,2331,18710,18721
2024-01-20 22:49:51.648533,12,99.3,8009,8184,12.87,2384,2357,18426,18571
2024-01-20 22:49:52.648668,12,0.0,8582,8383,12.25,2288,2322,18942,18754
2024-01-20 22:49:53.657101,12,73.9,8009,8196,12.75,2384,2353,18428,18589
2024-01-20 22:49:54.656333,12,37.7,8105,8150,13.0,2382,2367,18519,18552
2024-01-20 22:49:55.654679,12,52.2,8009,8080,12.75,2288,2327,18332,18440
2024-01-20 22:49:56.654729,12,30.0,8296,8188,13.0,2382,2354,18710,18573
2024-01-20 22:49:57.654587,12,51.1,8105,8145,12.87,2382,2368,18559,18564
2024-01-20 22:49:58.652590,12,0.0,6693,7419,12.5,2484,2426,16799,17680
2024-01-20 22:49:59.646349,12,0.0,1821,4620,8.87,1532,1979,9832,13755
2024-01-20 22:50:00.647439,12,0.0,1055,2837,2.87,1246,1612,8551,11151
2024-01-20 22:50:01.646659,12,0.0,287,1562,3.5,1246,1429,7623,9386
2024-01-20 22:50:02.648448,12,0.0,0,781,3.0,1246,1337,7298,8340
2024-01-20 22:50:03.648616,12,0.0,0,390,3.25,1246,1291,7298,7817
2024-01-20 22:50:04.648485,12,0.0,0,195,2.87,1246,1268,7258,7536
2024-01-20 22:50:05.652963,12,0.0,0,97,2.75,1246,1257,7258,7395
2024-01-20 22:50:06.652972,12,10.0,191,144,8.5,2107,1682,8619,8006
2024-01-20 22:50:07.655179,12,0.0,1438,791,9.12,1723,1703,9602,8803
2024-01-20 22:50:08.655152,12,58.2,6111,3451,10.87,2291,1997,15883,12342
2024-01-20 22:50:09.657265,12,0.0,8487,5969,13.0,2288,2142,18807,15572
2024-01-20 22:50:10.657453,12,67.8,8105,7037,12.37,2288,2215,18425,16999
2024-01-20 22:50:11.657977,12,98.6,8200,7618,12.75,2384,2299,18618,17807
2024-01-20 22:50:12.659474,12,0.0,8767,8192,12.5,2287,2293,19126,18465
2024-01-20 22:50:13.660832,12,59.8,8105,8148,12.75,2384,2338,18523,18492
2024-01-20 22:50:14.661754,12,0.0,8487,8317,12.62,2384,2361,18905,18697
2024-01-20 22:50:15.659723,12,24.7,8391,8354,12.87,2287,2324,18750,18722
2024-01-20 22:50:16.657611,12,98.9,8009,8181,12.75,2384,2354,18426,18573
2024-01-20 22:50:17.661784,12,0.0,8582,8382,12.25,2382,2368,19036,18804
2024-01-20 22:50:18.661013,12,56.5,8296,8339,12.5,2287,2327,18655,18727
2024-01-20 22:50:19.661024,12,98.6,8296,8317,12.5,2384,2355,18659,18691
2024-01-20 22:50:20.662195,12,0.0,8773,8545,12.37,2288,2321,19133,18911
2024-01-20 22:50:21.661215,12,98.5,8200,8372,12.37,2382,2351,18519,18713
2024-01-20 22:50:22.663160,12,0.0,8773,8572,12.62,2287,2319,19092,18901
2024-01-20 22:50:23.663277,12,99.5,8009,8291,12.62,2382,2350,18424,18661
2024-01-20 22:50:24.662925,12,12.3,8391,8341,12.25,2384,2367,18847,18753
2024-01-20 22:50:25.663197,12,36.2,8487,8414,13.0,2287,2327,18846,18799
2024-01-20 22:50:26.665221,12,98.5,8200,8307,12.37,2384,2355,18618,18707
2024-01-20 22:50:27.665000,12,0.0,3827,6067,12.5,2200,2277,12962,15833
2024-01-20 22:50:28.661451,12,0.0,1246,3656,4.0,1341,1809,8835,12333
2024-01-20 22:50:29.660882,12,0.0,287,1971,3.12,1246,1527,7623,9976
2024-01-20 22:50:30.662954,12,0.0,0,985,2.62,1246,1386,7298,8635
2024-01-20 22:50:31.660868,12,0.0,0,492,3.12,1246,1316,7298,7965
2024-01-20 22:50:32.662064,12,0.0,0,246,3.12,1246,1281,7298,7631
2024-01-20 22:50:33.662045,12,0.0,0,123,2.87,1246,1263,7298,7463
2024-01-20 22:50:34.666446,12,0.0,0,61,3.12,1246,1254,7298,7379
2024-01-20 22:50:35.676486,12,0.0,95,78,6.75,2013,1632,8295,7836
2024-01-20 22:50:36.664559,12,0.0,1821,949,9.0,1723,1678,10024,8928
2024-01-20 22:50:37.667776,12,0.0,1054,1001,4.87,1532,1605,8834,8880
2024-01-20 22:50:38.669936,12,99.4,6970,3985,13.0,2290,1947,16973,12924
2024-01-20 22:50:39.671656,12,66.09,8487,6236,12.5,2384,2165,18903,15912
2024-01-20 22:50:40.671616,12,64.8,8296,7266,12.62,2288,2226,18616,17263
2024-01-20 22:50:41.676025,12,99.1,8200,7733,12.5,2384,2305,18616,17939
2024-01-20 22:50:42.673241,12,0.0,8773,8253,12.87,2287,2296,19132,18535
2024-01-20 22:50:43.672764,12,64.09,8009,8131,12.62,2384,2340,18428,18479
2024-01-20 22:50:44.672050,12,0.0,8582,8356,12.25,2287,2313,18901,18689
2024-01-20 22:50:45.674518,12,99.6,8105,8230,12.5,2384,2348,18523,18604
2024-01-20 22:50:46.676209,12,4.59,8677,8453,13.5,2382,2365,19131,18865
2024-01-20 22:50:47.685533,12,86.3,8105,8279,12.62,2382,2373,18519,18691
2024-01-20 22:50:48.675578,12,98.5,8391,8335,12.87,2382,2377,18805,18746
2024-01-20 22:50:49.677277,12,0.0,8582,8458,12.5,2287,2332,18806,18774
2024-01-20 22:50:50.676436,12,82.5,8296,8377,12.5,2382,2357,18710,18741
2024-01-20 22:50:51.679337,12,10.9,8391,8384,12.62,2382,2369,18805,18771
2024-01-20 22:50:52.678846,12,98.9,8200,8292,12.5,2384,2376,18616,18692
2024-01-20 22:50:53.679415,12,0.0,8868,8580,12.5,2287,2331,19227,18958
2024-01-20 22:50:54.678663,12,67.5,8105,8342,12.75,2384,2357,18521,18737
2024-01-20 22:50:55.679450,12,70.5,8391,8366,12.0,2382,2369,18805,18769
2024-01-20 22:50:56.680756,12,44.3,7920,8143,12.75,2385,2377,18149,18458
2024-01-20 22:50:57.678425,12,0.0,2107,5125,9.87,1723,2050,10307,14381
2024-01-20 22:50:58.678550,12,0.0,1055,3090,3.0,1246,1648,8551,11465
2024-01-20 22:50:59.676624,12,0.0,287,1688,2.87,1246,1447,7623,9543
2024-01-20 22:51:00.676409,12,0.0,0,844,3.25,1246,1346,7258,8399
2024-01-20 22:51:01.676421,12,0.0,0,422,2.87,1246,1296,7258,7827
2024-01-20 22:51:02.675513,12,0.0,0,211,2.5,1246,1271,7258,7542
2024-01-20 22:51:03.681016,12,0.0,0,105,2.75,1247,1259,7259,7398
2024-01-20 22:51:04.683994,12,0.0,0,52,6.0,1917,1588,7929,7663
2024-01-20 22:51:05.680066,12,0.0,2013,1032,9.87,1820,1704,10368,9014
2024-01-20 22:51:06.693994,12,0.0,1053,1042,10.37,2299,2001,9828,9419
2024-01-20 22:51:07.688609,12,0.0,1053,1047,16.0,2776,2388,10266,9841
2024-01-20 22:51:08.666695,6,0.0,958,1002,12.62,1916,2152,9218,9528
2024-01-20 22:51:09.666820,6,0.0,384,693,2.62,1247,1698,7722,8623
