,data.num_clients,Client ID,client.local_epochs,strategy,server_kWh,round_energy_kWh,round_server_kWh
0,100,0,3,fedadam,0.0138436746614891,2.050726640977778e-05,0.00011731927679228052
1,100,0,3,fedavg,0.0222674814497875,2.0415639733472224e-05,0.00012580497994230227
2,100,0,3,fedyogi,0.00461752938317,9.257516989999999e-06,8.712319590886792e-05
3,100,0,5,fedadam,0.04052069263511936,3.353191284269445e-05,0.00012392541905814405
4,100,0,5,fedyogi,0.0296543450451,3.334545136262346e-05,0.0001251238187556962
5,100,0,10,fedadam,0.028018738860210526,7.406955014579062e-05,0.00015155749418060835
6,100,0,10,fedavg,0.0171805496442688,7.335176449902777e-05,0.00016056588452587666
7,100,0,10,fedyogi,0.06781924895898556,7.494949455223149e-05,0.00015004389885999757
8,100,0,20,fedadam,0.0257168515389566,0.00015464619583101854,0.00020573481231165282
9,100,0,20,fedyogi,0.04083277863272631,0.00016008959865547616,0.00020518984237550904
10,100,1,3,fedadam,0.0138436746614891,2.0272437898611112e-06,0.00011731927679228051
11,100,1,3,fedavg,0.0222674814497875,1.232079993402778e-06,0.00012580497994230227
12,100,1,3,fedyogi,0.00461752938317,0.0,8.712319590886792e-05
13,100,1,5,fedadam,0.04562062443093818,5.513351082745728e-06,0.00012349034062442753
14,100,1,5,fedyogi,0.029654345045099995,5.0177978018981484e-06,0.0001251238187556962
15,100,1,10,fedadam,0.02825035166901005,1.9279348183211805e-05,0.00015152862875917675
16,100,1,10,fedavg,0.0171805496442688,1.8643596236180556e-05,0.00016056588452587666
17,100,1,10,fedyogi,0.06822253385463035,2.017570981849359e-05,0.0001500315218296969
18,100,1,20,fedadam,0.0257168515389566,4.505095523354167e-05,0.00020573481231165282
19,100,1,20,fedyogi,0.0408327786327263,4.5453977609797985e-05,0.00020518984237550902
20,100,2,3,fedadam,0.0138436746614891,1.4989717678055556e-05,0.00011731927679228051
21,100,2,3,fedavg,0.0222674814497875,1.790988183412037e-05,0.00012580497994230227
22,100,2,3,fedyogi,0.00461752938317,9.825078845833333e-06,8.712319590886792e-05
23,100,2,5,fedadam,0.04004543017386025,3.335358718139785e-05,0.0001239659640017879
24,100,2,5,fedyogi,0.0296543450451,3.364947382101852e-05,0.0001251238187556962
25,100,2,10,fedadam,0.028336379283707015,7.595067680776457e-05,0.00015151790731693075
26,100,2,10,fedavg,0.0171805496442688,7.52632076445139e-05,0.00016056588452587666
27,100,2,10,fedyogi,0.06877246780323688,7.690130371166667e-05,0.00015001464406110508
28,100,2,20,fedadam,0.0257168515389566,0.0001594580159600926,0.00020573481231165282
29,100,2,20,fedyogi,0.0408327786327263,0.00015515626410111114,0.00020518984237550904
30,100,3,3,fedadam,0.0138436746614891,1.5671505118240742e-05,0.00011731927679228051
31,100,3,3,fedavg,0.0222674814497875,1.7679662641851852e-05,0.00012580497994230227
32,100,3,3,fedyogi,0.00461752938317,7.8495447345e-06,8.712319590886792e-05
33,100,3,5,fedadam,0.0442039767098774,3.264435886667659e-05,0.00012361119574490434
34,100,3,5,fedyogi,0.029654345045099995,3.2766861065e-05,0.0001251238187556962
35,100,3,10,fedadam,0.02950106083652745,7.277667556119658e-05,0.00015137275548344632
36,100,3,10,fedavg,0.0171805496442688,7.143775364544445e-05,0.00016056588452587666
37,100,3,10,fedyogi,0.07393573654293166,7.32708511729514e-05,0.00014985618056710415
38,100,3,20,fedadam,0.0257168515389566,0.00015622061195314817,0.00020573481231165282
39,100,3,20,fedyogi,0.0408327786327263,0.0001529377850482071,0.00020518984237550902
40,100,4,3,fedadam,0.0138436746614891,1.5462961667583336e-05,0.00011731927679228052
41,100,4,3,fedavg,0.0222674814497875,1.853371847002778e-05,0.00012580497994230227
42,100,4,3,fedyogi,0.00461752938317,9.010173285555555e-06,8.712319590886792e-05
43,100,4,5,fedadam,0.042157707779456266,3.110524009464815e-05,0.00012378576425225974
44,100,4,5,fedyogi,0.0296543450451,3.078666896534722e-05,0.0001251238187556962
45,100,4,10,fedadam,0.02942304389040551,6.975829511267543e-05,0.00015138247857277064
46,100,4,10,fedavg,0.0171805496442688,7.000803133694444e-05,0.00016056588452587666
47,100,4,10,fedyogi,0.0783046562457503,7.006900305239198e-05,0.0001497220960721803
48,100,4,20,fedadam,0.0257168515389566,0.00014951447501560186,0.00020573481231165282
49,100,4,20,fedyogi,0.0408327786327263,0.0001512989381367014,0.00020518984237550904
50,100,5,3,fedadam,0.0138436746614891,7.544340065972223e-06,0.00011731927679228051
51,100,5,3,fedavg,0.0222674814497875,1.0742423113715278e-05,0.00012580497994230227
52,100,5,3,fedyogi,0.00461752938317,2.9019573181944448e-06,8.712319590886792e-05
53,100,5,5,fedadam,0.0410287318178446,1.6567317613793104e-05,0.0001238820779114903
54,100,5,5,fedyogi,0.029654345045099995,1.548878194178241e-05,0.0001251238187556962
55,100,5,10,fedadam,0.028611667650737298,4.0919403315666663e-05,0.0001514835987017435
56,100,5,10,fedavg,0.0171805496442688,4.612956091861111e-05,0.00016056588452587666
57,100,5,10,fedyogi,0.06638942069260854,4.043679033982323e-05,0.00015008778105833628
58,100,5,20,fedadam,0.025716851538956597,8.950626224694445e-05,0.00020573481231165284
59,100,5,20,fedyogi,0.0408327786327263,8.629852067825758e-05,0.00020518984237550902
60,100,6,3,fedadam,0.0138436746614891,1.5877995790339507e-05,0.00011731927679228051
61,100,6,3,fedavg,0.0222674814497875,1.5486547444444445e-05,0.00012580497994230227
62,100,6,3,fedyogi,0.00461752938317,8.514760269861111e-06,8.712319590886792e-05
63,100,6,5,fedadam,0.03992541440081503,3.0820460628089226e-05,0.00012397620262392017
64,100,6,5,fedyogi,0.0296543450451,3.090515010496528e-05,0.0001251238187556962
65,100,6,10,fedadam,0.02796932812766663,6.911317856098149e-05,0.0001515636521371804
66,100,6,10,fedavg,0.0171805496442688,6.921002636883334e-05,0.00016056588452587666
67,100,6,10,fedyogi,0.06082897743447573,6.97588739363426e-05,0.00015025843405187575
68,100,6,20,fedadam,0.0257168515389566,0.00014411689528111111,0.00020573481231165282
69,100,6,20,fedyogi,0.0408327786327263,0.0001506506292649074,0.00020518984237550904
70,100,7,3,fedadam,0.0138436746614891,1.3316345822896826e-05,0.0001173192767922805
71,100,7,3,fedavg,0.0222674814497875,1.512790904861111e-05,0.00012580497994230227
72,100,7,3,fedyogi,0.00461752938317,7.886596804583335e-06,8.712319590886792e-05
73,100,7,5,fedadam,0.03631122512111017,3.0604973803968256e-05,0.0001242845314161323
74,100,7,5,fedyogi,0.029654345045099995,3.1930100712453704e-05,0.0001251238187556962
75,100,7,10,fedadam,0.02871872423791574,6.970804022000001e-05,0.00015147025646250405
76,100,7,10,fedavg,0.0171805496442688,7.114146223314816e-05,0.00016056588452587666
77,100,7,10,fedyogi,0.07602521987906231,6.967091005881643e-05,0.00014979205319996667
78,100,7,20,fedadam,0.025716851538956604,0.00014785736962924604,0.00020573481231165282
79,100,7,20,fedyogi,0.0408327786327263,0.00015017588436511112,0.00020518984237550904
80,100,8,3,fedadam,0.0138436746614891,1.629631565416667e-05,0.00011731927679228051
81,100,8,3,fedavg,0.0222674814497875,1.6058168633968254e-05,0.00012580497994230227
82,100,8,3,fedyogi,0.00461752938317,1.0438252501944445e-05,8.712319590886792e-05
83,100,8,5,fedadam,0.04187546378905335,3.172152199e-05,0.00012380984266706737
84,100,8,5,fedyogi,0.029654345045099995,3.209540864634259e-05,0.0001251238187556962
85,100,8,10,fedadam,0.0289620346633213,7.272516508795454e-05,0.00015143993319150523
86,100,8,10,fedavg,0.0171805496442688,7.424105633819445e-05,0.00016056588452587666
87,100,8,10,fedyogi,0.06519789713729437,7.274174427738195e-05,0.00015012434955695187
88,100,8,20,fedadam,0.025716851538956597,0.00015214649763583334,0.00020573481231165284
89,100,8,20,fedyogi,0.04083277863272631,0.00015288768608692462,0.00020518984237550904
90,100,9,3,fedadam,0.0138436746614891,1.7102488227499997e-05,0.00011731927679228051
91,100,9,3,fedavg,0.0222674814497875,1.7082680447333333e-05,0.00012580497994230227
92,100,9,3,fedyogi,0.00461752938317,9.189616186785715e-06,8.712319590886792e-05
93,100,9,5,fedadam,0.043436625860969476,3.315261334382813e-05,0.00012367665893516262
94,100,9,5,fedyogi,0.0296543450451,3.350532972333333e-05,0.0001251238187556962
95,100,9,10,fedadam,0.02971282111885844,7.380935692980159e-05,0.0001513463642409946
96,100,9,10,fedavg,0.0171805496442688,7.487032964700618e-05,0.00016056588452587666
97,100,9,10,fedyogi,0.06082897743447573,7.456911038521605e-05,0.00015025843405187575
98,100,9,20,fedadam,0.0257168515389566,0.00015613970319277776,0.00020573481231165282
99,100,9,20,fedyogi,0.0408327786327263,0.0001551172191172778,0.00020518984237550904
100,100,10,3,fedadam,0.0138436746614891,1.8595712533944445e-05,0.00011731927679228052
101,100,10,3,fedavg,0.0222674814497875,1.9226942734197532e-05,0.00012580497994230227
102,100,10,3,fedyogi,0.00461752938317,1.4064568573402779e-05,8.712319590886792e-05
103,100,10,5,fedadam,0.04098841124778704,3.894742921813492e-05,0.00012388551768503426
104,100,10,5,fedyogi,0.0296543450451,3.79769518502381e-05,0.0001251238187556962
105,100,10,10,fedadam,0.0228306119431013,8.626209560416667e-05,0.00015220407962067534
106,100,10,10,fedavg,0.0171805496442688,8.754415183222222e-05,0.00016056588452587666
107,100,10,10,fedyogi,0.06815748790371991,8.507561554128138e-05,0.00015003351812490669
108,100,10,20,fedadam,0.0257168515389566,0.0001798345242697531,0.00020573481231165282
109,100,10,20,fedyogi,0.0408327786327263,0.00017712740339030557,0.00020518984237550904
110,100,11,3,fedadam,0.0138436746614891,7.155660795111111e-06,0.00011731927679228052
111,100,11,3,fedavg,0.0222674814497875,8.33702195179487e-06,0.00012580497994230227
112,100,11,3,fedyogi,0.00461752938317,2.70186651e-06,8.712319590886792e-05
113,100,11,5,fedadam,0.04124825492149132,1.7317340808703704e-05,0.0001238633502555288
114,100,11,5,fedyogi,0.0296543450451,1.7296761723271608e-05,0.0001251238187556962
115,100,11,10,fedadam,0.0228306119431013,4.421761831780555e-05,0.00015220407962067534
116,100,11,10,fedavg,0.0171805496442688,4.0957072284305556e-05,0.00016056588452587666
117,100,11,10,fedyogi,0.06400637358198019,4.3120567347310605e-05,0.00015016091805556748
118,100,11,20,fedadam,0.0257168515389566,9.669215108185185e-05,0.00020573481231165282
119,100,11,20,fedyogi,0.0408327786327263,9.214999218357639e-05,0.00020518984237550904
120,100,12,3,fedadam,0.0138436746614891,1.1305177788703704e-05,0.00011731927679228051
121,100,12,3,fedavg,0.0222674814497875,1.2193888688214286e-05,0.00012580497994230227
122,100,12,3,fedyogi,0.00461752938317,4.259937756296297e-06,8.71231959088679e-05
123,100,12,5,fedadam,0.04566559737446392,2.5498099526005295e-05,0.0001234865039539362
124,100,12,5,fedyogi,0.0296543450451,2.538495478975e-05,0.0001251238187556962
125,100,12,10,fedadam,0.0228306119431013,5.824441933924604e-05,0.00015220407962067534
126,100,12,10,fedavg,0.0171805496442688,5.486138476597222e-05,0.00016056588452587666
127,100,12,10,fedyogi,0.0660716810778581,5.933407718851852e-05,0.00015009753265796713
128,100,12,20,fedadam,0.025716851538956604,0.0001246818111029365,0.00020573481231165282
129,100,12,20,fedyogi,0.0408327786327263,0.00012458412841083333,0.00020518984237550904
130,100,13,3,fedadam,0.0138436746614891,2.7332836166666667e-05,0.00011731927679228051
131,100,13,3,fedavg,0.0222674814497875,2.814227610686869e-05,0.00012580497994230227
132,100,13,3,fedyogi,0.00461752938317,2.5515364228611114e-05,8.712319590886792e-05
133,100,13,5,fedadam,0.04332700431112548,4.91602778031746e-05,0.00012368601081948522
134,100,13,5,fedyogi,0.0296543450451,5.0719458416726196e-05,0.0001251238187556962
135,100,13,10,fedadam,0.0228306119431013,0.00011140729162477779,0.00015220407962067534
136,100,13,10,fedavg,0.0171805496442688,0.00010833544613954862,0.00016056588452587666
137,100,13,10,fedyogi,0.06632133363230487,0.0001091415828563889,0.0001500898706868286
138,100,13,20,fedadam,0.0257168515389566,0.00022360203882972225,0.00020573481231165282
139,100,13,20,fedyogi,0.0408327786327263,0.000226244951534375,0.00020518984237550904
140,100,14,3,fedadam,0.0138436746614891,1.351990528875e-05,0.00011731927679228051
141,100,14,3,fedavg,0.0222674814497875,1.2617228696555557e-05,0.00012580497994230227
142,100,14,5,fedadam,0.04297621535162472,2.8844128084208333e-05,0.0001237159368493176
143,100,14,5,fedyogi,0.029654345045100002,2.9324321821363638e-05,0.0001251238187556962
144,100,14,10,fedadam,0.022830611943101303,6.568855102601853e-05,0.00015220407962067534
145,100,14,10,fedavg,0.0171805496442688,6.436094945715278e-05,0.00016056588452587666
146,100,14,10,fedyogi,0.06332550297894353,6.48472190316865e-05,0.0001501818143404907
147,100,14,20,fedadam,0.025716851538956597,0.0001344625896792778,0.00020573481231165284
148,100,14,20,fedyogi,0.0408327786327263,0.00013856402787712962,0.00020518984237550904
149,100,15,3,fedadam,0.0138436746614891,6.700292123958334e-06,0.00011731927679228051
150,100,15,3,fedavg,0.0222674814497875,4.799142563444446e-06,0.00012580497994230227
151,100,15,5,fedadam,0.04318084224466683,1.581962635309028e-05,0.00012369847999858203
152,100,15,5,fedyogi,0.029654345045099995,1.6607304908680554e-05,0.0001251238187556962
153,100,15,10,fedadam,0.0228306119431013,3.992457751463889e-05,0.00015220407962067534
154,100,15,10,fedavg,0.0171805496442688,4.471605830254629e-05,0.00016056588452587666
155,100,15,10,fedyogi,0.05833245189000794,3.946412139645503e-05,0.00015033505376326083
156,100,15,20,fedadam,0.025716851538956604,8.739086739924605e-05,0.00020573481231165282
157,100,15,20,fedyogi,0.0408327786327263,8.861329948505557e-05,0.00020518984237550904
158,100,16,3,fedadam,0.0138436746614891,1.619036845e-05,0.00011731927679228052
159,100,16,3,fedavg,0.0222674814497875,1.7679199490166666e-05,0.00012580497994230227
160,100,16,3,fedyogi,0.00461752938317,8.505871060833334e-06,8.712319590886792e-05
161,100,16,5,fedadam,0.04473016014912855,3.3697731772206354e-05,0.0001235663067001558
162,100,16,5,fedyogi,0.0296543450451,3.390435516188889e-05,0.0001251238187556962
163,100,16,10,fedadam,0.022830611943101303,7.473885507037037e-05,0.00015220407962067534
164,100,16,10,fedavg,0.0171805496442688,7.539556000329365e-05,0.00016056588452587666
165,100,16,10,fedyogi,0.0685959457950422,7.637497172923868e-05,0.00015002006161645554
166,100,16,20,fedadam,0.025716851538956604,0.00016004498189043653,0.00020573481231165282
167,100,16,20,fedyogi,0.04083277863272631,0.00016288142658238097,0.00020518984237550904
168,100,17,3,fedadam,0.0138436746614891,8.991963421851852e-06,0.00011731927679228051
169,100,17,3,fedavg,0.0222674814497875,1.0717179109404761e-05,0.00012580497994230227
170,100,17,3,fedyogi,0.00461752938317,3.586069245972222e-06,8.712319590886792e-05
171,100,17,5,fedadam,0.0442039767098774,2.4898844228847225e-05,0.00012361119574490434
172,100,17,5,fedyogi,0.0296543450451,2.4667198809938272e-05,0.0001251238187556962
173,100,17,10,fedadam,0.0228306119431013,5.517892296205556e-05,0.00015220407962067534
174,100,17,10,fedavg,0.0171805496442688,5.695183065561112e-05,0.00016056588452587666
175,100,17,10,fedyogi,0.06683624202585137,5.443829414266493e-05,0.00015007406787135544
176,100,17,20,fedadam,0.025716851538956597,0.00011904281646522223,0.00020573481231165284
177,100,17,20,fedyogi,0.0408327786327263,0.00011428775922972222,0.00020518984237550904
178,100,18,3,fedadam,0.0138436746614891,2.858920032736111e-05,0.00011731927679228051
179,100,18,3,fedavg,0.0222674814497875,3.30420512067284e-05,0.00012580497994230227
180,100,18,3,fedyogi,0.00461752938317,1.5976565056296296e-05,8.71231959088679e-05
181,100,18,5,fedadam,0.045957921507381226,5.482223541477183e-05,0.00012346156559574258
182,100,18,5,fedyogi,0.0296543450451,5.434559558194445e-05,0.0001251238187556962
183,100,18,10,fedadam,0.0228306119431013,0.00011795101159738096,0.00015220407962067534
184,100,18,10,fedavg,0.0171805496442688,0.00011992360311694444,0.00016056588452587666
185,100,18,10,fedyogi,0.06894268545399607,0.00011854311035965278,0.00015000941998987428
186,100,18,20,fedadam,0.0257168515389566,0.00024309903058314817,0.00020573481231165282
187,100,18,20,fedyogi,0.0408327786327263,0.00024531270604333336,0.00020518984237550904
188,100,19,3,fedadam,0.0138436746614891,1.6774556549236112e-05,0.00011731927679228051
189,100,19,3,fedavg,0.0222674814497875,1.825503193576389e-05,0.00012580497994230227
190,100,19,3,fedyogi,0.00461752938317,7.383529706388889e-06,8.712319590886792e-05
191,100,19,5,fedadam,0.03894214231736592,3.553078609860119e-05,0.00012406008619238965
192,100,19,5,fedyogi,0.0296543450451,3.677122351863889e-05,0.0001251238187556962
193,100,19,10,fedadam,0.022830611943101303,7.87812134299537e-05,0.00015220407962067534
194,100,19,10,fedavg,0.0171805496442688,7.940423705527779e-05,0.00016056588452587666
195,100,19,10,fedyogi,0.06822253385463035,7.827035470463675e-05,0.0001500315218296969
196,100,19,20,fedadam,0.0257168515389566,0.00016560245486833334,0.00020573481231165282
197,100,19,20,fedyogi,0.04083277863272631,0.00016596291921031745,0.00020518984237550904
198,100,20,3,fedadam,0.0138436746614891,1.1269340708240743e-05,0.00011731927679228051
199,100,20,3,fedavg,0.0222674814497875,1.1636574075611111e-05,0.00012580497994230227
200,100,20,3,fedyogi,0.00461752938317,4.1819909707407405e-06,8.71231959088679e-05
201,100,20,5,fedadam,0.04011143884903513,2.2694083307187496e-05,0.00012396033275961514
202,100,20,5,fedyogi,0.0296543450451,2.448929534126984e-05,0.0001251238187556962
203,100,20,10,fedadam,0.029254007173807967,5.549550317435185e-05,0.00015140354526630665
204,100,20,10,fedavg,0.0171805496442688,5.863706025898148e-05,0.00016056588452587666
205,100,20,10,fedyogi,0.07081507961234691,5.3782634180978844e-05,0.0001499519552063355
206,100,20,20,fedadam,0.0257168515389566,0.00011616535781444444,0.00020573481231165282
207,100,20,20,fedyogi,0.0408327786327263,0.00011473803456386753,0.00020518984237550904
208,100,21,3,fedadam,0.0138436746614891,1.471756895388889e-05,0.00011731927679228051
209,100,21,3,fedavg,0.0222674814497875,1.1940806768650796e-05,0.00012580497994230227
210,100,21,3,fedyogi,0.00461752938317,9.0580710175e-06,8.712319590886792e-05
211,100,21,5,fedadam,0.042157707779456266,2.7677811787718853e-05,0.00012378576425225974
212,100,21,5,fedyogi,0.029654345045100002,2.7370309266085862e-05,0.0001251238187556962
213,100,21,10,fedadam,0.029896346696878632,6.2508655696e-05,0.0001513234918308698
214,100,21,10,fedavg,0.0171805496442688,6.288741028504629e-05,0.00016056588452587666
215,100,21,10,fedyogi,0.06572216750163261,6.245850777268889e-05,0.00015010825941756103
216,100,21,20,fedadam,0.025716851538956597,0.0001344780212677778,0.00020573481231165284
217,100,21,20,fedyogi,0.0408327786327263,0.0001347804864907716,0.00020518984237550904
218,100,22,3,fedadam,0.0138436746614891,0.0,0.00011731927679228051
219,100,22,3,fedavg,0.0222674814497875,0.0,0.00012580497994230227
220,100,22,3,fedyogi,0.00461752938317,2.4499622094444444e-06,8.712319590886792e-05
221,100,22,5,fedadam,0.042669275012061546,5.850718856770834e-07,0.0001237421221254209
222,100,22,5,fedyogi,0.0296543450451,1.4210471522530864e-06,0.0001251238187556962
223,100,22,10,fedadam,0.027648158366131298,6.137175485496032e-06,0.00015160367885489883
224,100,22,10,fedavg,0.0171805496442688,5.664932321e-06,0.00016056588452587666
225,100,22,10,fedyogi,0.06745768319047643,6.227306853218391e-06,0.00015005499550785334
226,100,22,20,fedadam,0.0257168515389566,1.923097716840278e-05,0.00020573481231165282
227,100,22,20,fedyogi,0.0408327786327263,2.0341062388726852e-05,0.00020518984237550904
228,100,23,3,fedadam,0.0138436746614891,1.3783327300595238e-05,0.0001173192767922805
229,100,23,3,fedavg,0.0222674814497875,1.499331844902778e-05,0.00012580497994230227
230,100,23,5,fedadam,0.04566559737446392,2.827116902548942e-05,0.0001234865039539362
231,100,23,5,fedyogi,0.029654345045099995,2.9235697617870373e-05,0.0001251238187556962
232,100,23,10,fedadam,0.029631853952084824,6.584397303792484e-05,0.00015135645501016733
233,100,23,10,fedavg,0.0171805496442688,6.534951399305556e-05,0.00016056588452587666
234,100,23,10,fedyogi,0.0602828624716234,6.520783762202257e-05,0.00015027519461374123
235,100,23,20,fedadam,0.0257168515389566,0.00014106227828430555,0.00020573481231165282
236,100,23,20,fedyogi,0.04083277863272631,0.00014185452118880955,0.00020518984237550904
237,100,24,3,fedadam,0.0138436746614891,1.3068631926666667e-05,0.00011731927679228051
238,100,24,3,fedavg,0.0222674814497875,1.3878963989325396e-05,0.00012580497994230227
239,100,24,3,fedyogi,0.00461752938317,6.871301285648149e-06,8.71231959088679e-05
240,100,24,5,fedadam,0.0410287318178446,2.8438596120795018e-05,0.0001238820779114903
241,100,24,5,fedyogi,0.029654345045099995,2.9116202974259264e-05,0.0001251238187556962
242,100,24,10,fedadam,0.029254007173807963,6.35339795192328e-05,0.00015140354526630668
243,100,24,10,fedavg,0.0171805496442688,6.431202289550926e-05,0.00016056588452587666
244,100,24,10,fedyogi,0.07288116971811337,6.432735325700192e-05,0.00014988854579001682
245,100,24,20,fedadam,0.025716851538956604,0.00013177550178940475,0.00020573481231165282
246,100,24,20,fedyogi,0.0408327786327263,0.0001356641197859028,0.00020518984237550904
247,100,25,3,fedadam,0.0138436746614891,2.179596328705556e-05,0.00011731927679228052
248,100,25,3,fedavg,0.0222674814497875,1.9082093708333337e-05,0.00012580497994230227
249,100,25,3,fedyogi,0.00461752938317,8.188842769814815e-06,8.71231959088679e-05
250,100,25,5,fedadam,0.04364590336521709,3.3233503803030305e-05,0.00012365880533781945
251,100,25,5,fedyogi,0.0296543450451,3.211886806688889e-05,0.0001251238187556962
252,100,25,10,fedadam,0.028695451066789994,7.39199170970773e-05,0.00015147315694929523
253,100,25,10,fedavg,0.0171805496442688,7.364347911861112e-05,0.00016056588452587666
254,100,25,10,fedyogi,0.06665420370490058,7.40913176111574e-05,0.0001500796547253106
255,100,25,20,fedadam,0.025716851538956604,0.00015946384311869047,0.00020573481231165282
256,100,25,20,fedyogi,0.0408327786327263,0.0001565025364088889,0.00020518984237550902
257,100,26,3,fedadam,0.0138436746614891,1.7771380280277777e-05,0.00011731927679228051
258,100,26,3,fedavg,0.0222674814497875,1.738830664037037e-05,0.00012580497994230227
259,100,26,3,fedyogi,0.00461752938317,8.048364030833333e-06,8.712319590886792e-05
260,100,26,5,fedadam,0.036837408560361315,3.345802457152778e-05,0.00012423964237138376
261,100,26,5,fedyogi,0.0296543450451,3.4187178925861116e-05,0.0001251238187556962
262,100,26,10,fedadam,0.03158978725770129,7.749008532797981e-05,0.00015111244186471806
263,100,26,10,fedavg,0.0171805496442688,7.531426797611111e-05,0.00016056588452587666
264,100,26,10,fedyogi,0.06815748790371991,7.657355590223119e-05,0.00015003351812490669
265,100,26,20,fedadam,0.0257168515389566,0.00016207064047875,0.00020573481231165282
266,100,26,20,fedyogi,0.0408327786327263,0.00015945107935458333,0.00020518984237550904
267,100,27,3,fedadam,0.0138436746614891,9.288798458611111e-06,0.00011731927679228051
268,100,27,3,fedavg,0.0222674814497875,1.344287082787037e-05,0.00012580497994230227
269,100,27,3,fedyogi,0.00461752938317,8.223625806944445e-06,8.712319590886792e-05
270,100,27,5,fedadam,0.0397021850629509,2.8062387439000004e-05,0.00012399524646108622
271,100,27,5,fedyogi,0.0296543450451,2.751846856895062e-05,0.0001251238187556962
272,100,27,10,fedadam,0.028915933740612878,6.336032106447369e-05,0.0001514456786533787
273,100,27,10,fedavg,0.0171805496442688,6.250374778400793e-05,0.00016056588452587666
274,100,27,10,fedyogi,0.06519789713729437,6.361284629700397e-05,0.0001501243495569519
275,100,27,20,fedadam,0.0257168515389566,0.00013468176262657408,0.00020573481231165282
276,100,27,20,fedyogi,0.0408327786327263,0.00013484160647600003,0.00020518984237550904
277,100,28,3,fedadam,0.0138436746614891,1.3764228678888889e-05,0.00011731927679228051
278,100,28,3,fedavg,0.0222674814497875,1.5113579674520203e-05,0.00012580497994230227
279,100,28,3,fedyogi,0.00461752938317,6.686445518194444e-06,8.712319590886792e-05
280,100,28,5,fedadam,0.042157707779456266,2.828625556167824e-05,0.00012378576425225974
281,100,28,5,fedyogi,0.0296543450451,3.0551690140444446e-05,0.0001251238187556962
282,100,28,10,fedadam,0.030659124880525048,6.646331267388889e-05,0.0001512284283762885
283,100,28,10,fedavg,0.0171805496442688,6.673381573738888e-05,0.00016056588452587666
284,100,28,10,fedyogi,0.06418968489818237,6.618406325268163e-05,0.00015015529213270354
285,100,28,20,fedadam,0.025716851538956597,0.00014109250409372222,0.00020573481231165284
286,100,28,20,fedyogi,0.04083277863272631,0.00014205418508373018,0.00020518984237550904
287,100,29,3,fedadam,0.0138436746614891,2.3031609173333335e-06,0.00011731927679228052
288,100,29,3,fedavg,0.0222674814497875,2.140044106888889e-06,0.00012580497994230227
289,100,29,3,fedyogi,0.00461752938317,1.6056077390972222e-06,8.712319590886792e-05
290,100,29,5,fedadam,0.0397021850629509,7.578865251111112e-06,0.00012399524646108622
291,100,29,5,fedyogi,0.0296543450451,8.327120825208332e-06,0.0001251238187556962
292,100,29,10,fedadam,0.0298379521947813,2.1807287292853535e-05,0.00015133076941590951
293,100,29,10,fedavg,0.0171805496442688,2.2982270617222226e-05,0.00016056588452587666
294,100,29,10,fedyogi,0.05733384167222082,2.249498111409524e-05,0.00015036570164781484
295,100,29,20,fedadam,0.0257168515389566,5.1433637648472225e-05,0.00020573481231165282
296,100,29,20,fedyogi,0.04083277863272631,5.1201619715992064e-05,0.00020518984237550904
297,100,30,3,fedadam,0.0138436746614891,5.477843358055556e-06,0.00011731927679228051
298,100,30,3,fedavg,0.0222674814497875,4.690847057333333e-06,0.00012580497994230227
299,100,30,3,fedyogi,0.00461752938317,1.6400557307407406e-06,8.71231959088679e-05
300,100,30,5,fedadam,0.045957921507381226,1.3730050633015874e-05,0.00012346156559574258
301,100,30,5,fedyogi,0.0296543450451,1.3752329937187502e-05,0.0001251238187556962
302,100,30,10,fedadam,0.02971282111885844,3.5699308106746034e-05,0.0001513463642409946
303,100,30,10,fedavg,0.0171805496442688,3.833448480342593e-05,0.00016056588452587666
304,100,30,10,fedyogi,0.06596888296720355,3.641879956620098e-05,0.00015010068758725944
305,100,30,20,fedadam,0.0257168515389566,8.025787352993055e-05,0.00020573481231165282
306,100,30,20,fedyogi,0.04083277863272631,8.090259406154763e-05,0.00020518984237550904
307,100,31,3,fedadam,0.0138436746614891,1.182594613923611e-05,0.00011731927679228051
308,100,31,3,fedavg,0.0222674814497875,1.5628896826111113e-05,0.00012580497994230227
309,100,31,3,fedyogi,0.00461752938317,1.4517114232083333e-05,8.712319590886792e-05
310,100,31,5,fedadam,0.042157707779456266,2.6181527959409724e-05,0.00012378576425225974
311,100,31,5,fedyogi,0.0296543450451,2.4798960992138888e-05,0.0001251238187556962
312,100,31,10,fedadam,0.0289620346633213,5.751781482957071e-05,0.00015143993319150523
313,100,31,10,fedavg,0.0171805496442688,6.0219356863055566e-05,0.00016056588452587666
314,100,31,10,fedyogi,0.06931716428566623,5.8110865724515876e-05,0.00014999792703316653
315,100,31,20,fedadam,0.0257168515389566,0.00012445963425023149,0.00020573481231165282
316,100,31,20,fedyogi,0.0408327786327263,0.00012361316537222225,0.00020518984237550904
317,100,32,3,fedadam,0.0138436746614891,4.911388107361111e-06,0.00011731927679228051
318,100,32,3,fedavg,0.0222674814497875,7.2812694892708335e-06,0.00012580497994230227
319,100,32,3,fedyogi,0.00461752938317,7.126035283333333e-06,8.712319590886792e-05
320,100,32,5,fedadam,0.0411345733142457,1.5271360423541666e-05,0.00012387304850593745
321,100,32,5,fedyogi,0.029654345045100002,1.5360252864823232e-05,0.0001251238187556962
322,100,32,10,fedadam,0.02971282111885844,3.781330815545636e-05,0.0001513463642409946
323,100,32,10,fedavg,0.0171805496442688,4.292867492541667e-05,0.00016056588452587666
324,100,32,10,fedyogi,0.06572216750163261,3.8392408760944446e-05,0.00015010825941756103
325,100,32,20,fedadam,0.0257168515389566,8.784960441023149e-05,0.00020573481231165282
326,100,32,20,fedyogi,0.0408327786327263,8.500729573e-05,0.00020518984237550902
327,100,33,3,fedadam,0.0138436746614891,1.583293292484127e-05,0.0001173192767922805
328,100,33,3,fedavg,0.0222674814497875,1.6482386703935186e-05,0.00012580497994230227
329,100,33,3,fedyogi,0.00461752938317,5.787157560277778e-06,8.712319590886792e-05
330,100,33,5,fedadam,0.04141360998657585,3.184866475441919e-05,0.00012384924370947988
331,100,33,5,fedyogi,0.0296543450451,3.3617532489375e-05,0.0001251238187556962
332,100,33,10,fedadam,0.027045965063252547,7.085301911065973e-05,0.0001516787289506209
333,100,33,10,fedavg,0.0171805496442688,7.221433774412699e-05,0.00016056588452587666
334,100,33,10,fedyogi,0.06477509845637644,7.187250065519714e-05,0.0001501373254758155
335,100,33,20,fedadam,0.0257168515389566,0.00015192229939611112,0.00020573481231165282
336,100,33,20,fedyogi,0.0408327786327263,0.0001501804286637778,0.00020518984237550904
337,100,34,3,fedadam,0.0138436746614891,1.4329940777722222e-05,0.00011731927679228052
338,100,34,3,fedavg,0.0222674814497875,1.5245499216428574e-05,0.00012580497994230227
339,100,34,3,fedyogi,0.00461752938317,2.87074078e-06,8.712319590886792e-05
340,100,34,5,fedadam,0.04318084224466683,3.127902010224537e-05,0.00012369847999858203
341,100,34,5,fedyogi,0.0296543450451,2.9631351213111116e-05,0.0001251238187556962
342,100,34,10,fedadam,0.031724543801002834,6.721175434685898e-05,0.0001510956474377033
343,100,34,10,fedavg,0.0171805496442688,6.707119294152778e-05,0.00016056588452587666
344,100,34,10,fedyogi,0.06864704427109856,6.760008294822368e-05,0.00015001849337674885
345,100,34,20,fedadam,0.0257168515389566,0.0001430545209248611,0.00020573481231165282
346,100,34,20,fedyogi,0.0408327786327263,0.00014682783891005558,0.00020518984237550904
347,100,35,3,fedadam,0.0138436746614891,2.0114293364166666e-05,0.00011731927679228051
348,100,35,3,fedavg,0.0222674814497875,2.0982598392416665e-05,0.00012580497994230227
349,100,35,3,fedyogi,0.00461752938317,1.2704463340925927e-05,8.71231959088679e-05
350,100,35,5,fedadam,0.042669275012061546,3.942917202052084e-05,0.0001237421221254209
351,100,35,5,fedyogi,0.0296543450451,4.344978289892361e-05,0.0001251238187556962
352,100,35,10,fedadam,0.0272101996004013,8.98171908249495e-05,0.00015165826074269668
353,100,35,10,fedavg,0.0171805496442688,9.186867624872224e-05,0.00016056588452587666
354,100,35,10,fedyogi,0.06082897743447573,8.837077722204861e-05,0.00015025843405187575
355,100,35,20,fedadam,0.0257168515389566,0.00018607474197999998,0.00020573481231165282
356,100,35,20,fedyogi,0.0408327786327263,0.00018403470599583332,0.00020518984237550904
357,100,36,3,fedadam,0.0138436746614891,1.6071518558650795e-05,0.0001173192767922805
358,100,36,3,fedavg,0.0222674814497875,1.3949056737808643e-05,0.00012580497994230227
359,100,36,3,fedyogi,0.00461752938317,7.872048505462964e-06,8.71231959088679e-05
360,100,36,5,fedadam,0.043937072066778986,2.967715323041063e-05,0.00012363396555021156
361,100,36,5,fedyogi,0.0296543450451,3.0119605960916665e-05,0.0001251238187556962
362,100,36,10,fedadam,0.026684649081525298,6.562950117166667e-05,0.00015172375900805415
363,100,36,10,fedavg,0.0171805496442688,6.529252806069444e-05,0.00016056588452587666
364,100,36,10,fedyogi,0.060069165312246396,6.63745881917029e-05,0.00015028175309447122
365,100,36,20,fedadam,0.0257168515389566,0.0001415512819116204,0.00020573481231165282
366,100,36,20,fedyogi,0.04083277863272631,0.00014026972080559525,0.00020518984237550904
367,100,37,3,fedadam,0.0138436746614891,8.790876074722221e-06,0.00011731927679228051
368,100,37,3,fedavg,0.0222674814497875,9.629944800524692e-06,0.00012580497994230227
369,100,37,3,fedyogi,0.00461752938317,3.869568036666666e-06,8.712319590886792e-05
370,100,37,5,fedadam,0.04023180760964814,2.041611074147059e-05,0.00012395006402388833
371,100,37,5,fedyogi,0.0296543450451,2.0461349749340278e-05,0.0001251238187556962
372,100,37,10,fedadam,0.028695451066789994,4.989144061518117e-05,0.00015147315694929523
373,100,37,10,fedavg,0.0171805496442688,5.309588994861111e-05,0.00016056588452587666
374,100,37,10,fedyogi,0.0745598679290486,4.9240252732718254e-05,0.0001498370256392579
375,100,37,20,fedadam,0.025716851538956604,0.00010517877064476191,0.00020573481231165282
376,100,37,20,fedyogi,0.0408327786327263,0.00010973038651805557,0.00020518984237550904
377,100,38,3,fedadam,0.0138436746614891,2.8786081433293656e-05,0.0001173192767922805
378,100,38,3,fedavg,0.0222674814497875,2.820367024326389e-05,0.00012580497994230227
379,100,38,3,fedyogi,0.00461752938317,1.1247091527222224e-05,8.712319590886792e-05
380,100,38,5,fedadam,0.04543173806813008,5.156227151566667e-05,0.00012350645464049111
381,100,38,5,fedyogi,0.0296543450451,5.183335933288195e-05,0.0001251238187556962
382,100,38,10,fedadam,0.028611667650737298,0.00011070336252490742,0.00015148359870174354
383,100,38,10,fedavg,0.0171805496442688,0.00010782936684731483,0.00016056588452587666
384,100,38,10,fedyogi,0.060156835941734405,0.00010875339194153846,0.0001502790624357102
385,100,38,20,fedadam,0.0257168515389566,0.0002258845730240741,0.00020573481231165282
386,100,38,20,fedyogi,0.04083277863272631,0.00022493518776924603,0.00020518984237550904
387,100,39,3,fedadam,0.0138436746614891,1.6773000897579368e-05,0.0001173192767922805
388,100,39,3,fedavg,0.0222674814497875,1.7369561307314816e-05,0.00012580497994230227
389,100,39,3,fedyogi,0.00461752938317,1.4524710888333334e-05,8.712319590886792e-05
390,100,39,5,fedadam,0.04089846536073557,3.381626963726496e-05,0.00012389319102601692
391,100,39,5,fedyogi,0.0296543450451,3.4908676544801584e-05,0.0001251238187556962
392,100,39,10,fedadam,0.027901713441027612,7.660036959576022e-05,0.00015157207881459482
393,100,39,10,fedavg,0.0171805496442688,7.791265718486112e-05,0.00016056588452587666
394,100,39,10,fedyogi,0.07213676960647691,7.577569513874183e-05,0.00014991139182971987
395,100,39,20,fedadam,0.025716851538956597,0.00015893029891505557,0.00020573481231165284
396,100,39,20,fedyogi,0.0408327786327263,0.00016105404098166668,0.00020518984237550904
397,100,40,3,fedadam,0.0138436746614891,1.5327760902291665e-05,0.00011731927679228051
398,100,40,3,fedavg,0.0222674814497875,1.6238524041111113e-05,0.00012580497994230227
399,100,40,3,fedyogi,0.00461752938317,1.169178028e-05,8.712319590886792e-05
400,100,40,5,fedadam,0.042485110808323644,3.066665003037778e-05,0.00012375783329108287
401,100,40,5,fedyogi,0.029654345045099995,3.0477695032361115e-05,0.0001251238187556962
402,100,40,10,fedadam,0.028086117131861297,6.766110783979798e-05,0.00015154909696710097
403,100,40,10,fedavg,0.0171805496442688,7.199924282583333e-05,0.00016056588452587666
404,100,40,10,fedyogi,0.059955193493912005,6.9787178377875e-05,0.00015028525095086052
405,100,40,20,fedadam,0.0257168515389566,0.00014564125032833332,0.00020573481231165282
406,100,40,20,fedyogi,0.0408327786327263,0.00014526671986225695,0.00020518984237550904
407,100,41,3,fedadam,0.0138436746614891,4.7280016289814815e-06,0.00011731927679228051
408,100,41,3,fedavg,0.0222674814497875,6.734515409259258e-06,0.00012580497994230227
409,100,41,3,fedyogi,0.00461752938317,5.156731165277777e-06,8.712319590886792e-05
410,100,41,5,fedadam,0.045227111175087965,1.4803764366203706e-05,0.00012352391149122666
411,100,41,5,fedyogi,0.0296543450451,1.5307023326547617e-05,0.0001251238187556962
412,100,41,10,fedadam,0.029024600201282724,3.876488408910715e-05,0.00015143213577896268
413,100,41,10,fedavg,0.0171805496442688,4.172429114847222e-05,0.00016056588452587666
414,100,41,10,fedyogi,0.06519789713729437,3.9233086603715276e-05,0.0001501243495569519
415,100,41,20,fedadam,0.0257168515389566,8.518563701430555e-05,0.00020573481231165282
416,100,41,20,fedyogi,0.0408327786327263,8.57655290776389e-05,0.00020518984237550904
417,100,42,3,fedadam,0.0138436746614891,2.0212070179722225e-05,0.00011731927679228052
418,100,42,3,fedavg,0.0222674814497875,1.7636683966166668e-05,0.00012580497994230227
419,100,42,3,fedyogi,0.00461752938317,7.199260080555556e-06,8.712319590886792e-05
420,100,42,5,fedadam,0.042157707779456266,3.567971256096065e-05,0.00012378576425225974
421,100,42,5,fedyogi,0.029654345045099995,3.504376793208334e-05,0.0001251238187556962
422,100,42,10,fedadam,0.027326988604595967,7.937148678790741e-05,0.00015164370557261726
423,100,42,10,fedavg,0.0171805496442688,8.188252561116668e-05,0.00016056588452587666
424,100,42,10,fedyogi,0.06082897743447573,8.065458079732511e-05,0.00015025843405187575
425,100,42,20,fedadam,0.0257168515389566,0.0001652505823538889,0.00020573481231165282
426,100,42,20,fedyogi,0.0408327786327263,0.0001676565998153241,0.00020518984237550904
427,100,43,3,fedadam,0.0138436746614891,1.4226208803240744e-05,0.00011731927679228051
428,100,43,3,fedavg,0.0222674814497875,1.6753133540555557e-05,0.00012580497994230227
429,100,43,3,fedyogi,0.00461752938317,8.698472236666667e-06,8.712319590886792e-05
430,100,43,5,fedadam,0.03679507196180088,3.0148857082298854e-05,0.0001242432541336049
431,100,43,5,fedyogi,0.029654345045099995,3.025991682050926e-05,0.0001251238187556962
432,100,43,10,fedadam,0.02727757787205207,6.535337445108975e-05,0.00015164986352918933
433,100,43,10,fedavg,0.0171805496442688,6.931204824572917e-05,0.00016056588452587666
434,100,43,10,fedyogi,0.06894268545399607,6.72780879538492e-05,0.00015000941998987428
435,100,43,20,fedadam,0.0257168515389566,0.0001420784402413889,0.00020573481231165282
436,100,43,20,fedyogi,0.0408327786327263,0.00014231779891708335,0.00020518984237550904
437,100,44,3,fedadam,0.0138436746614891,6.993132682777779e-06,0.00011731927679228051
438,100,44,3,fedavg,0.0222674814497875,7.405883353632479e-06,0.00012580497994230227
439,100,44,3,fedyogi,0.00461752938317,3.6251976887500004e-06,8.712319590886792e-05
440,100,44,5,fedadam,0.035898532227579855,1.7915607078316992e-05,0.0001243197385100527
441,100,44,5,fedyogi,0.0296543450451,1.739666210404762e-05,0.0001251238187556962
442,100,44,10,fedadam,0.02950106083652745,4.057479938175214e-05,0.00015137275548344632
443,100,44,10,fedavg,0.0171805496442688,4.0774634820416665e-05,0.00016056588452587666
444,100,44,10,fedyogi,0.06683624202585137,4.0464717740208336e-05,0.00015007406787135544
445,100,44,20,fedadam,0.0257168515389566,8.957263378356482e-05,0.00020573481231165282
446,100,44,20,fedyogi,0.04083277863272631,9.054832199579365e-05,0.00020518984237550904
447,100,45,3,fedadam,0.0138436746614891,6.184854835972222e-06,0.00011731927679228051
448,100,45,3,fedavg,0.0222674814497875,8.423350903472223e-06,0.00012580497994230227
449,100,45,5,fedadam,0.04073421634959808,1.6687948272838163e-05,0.0001239072032138983
450,100,45,5,fedyogi,0.0296543450451,1.715271100075397e-05,0.0001251238187556962
451,100,45,10,fedadam,0.028451082769969632,4.214221562090278e-05,0.00015150361206060274
452,100,45,10,fedavg,0.0171805496442688,5.110159384185185e-05,0.00016056588452587666
453,100,45,10,fedyogi,0.06683624202585137,4.253654136166667e-05,0.00015007406787135544
454,100,45,20,fedadam,0.0257168515389566,0.00010322133401666667,0.00020573481231165282
455,100,45,20,fedyogi,0.0408327786327263,9.520594906185186e-05,0.00020518984237550904
456,100,46,3,fedadam,0.0138436746614891,7.129720763888889e-06,0.00011731927679228051
457,100,46,3,fedavg,0.0222674814497875,7.860188740972222e-06,0.00012580497994230227
458,100,46,3,fedyogi,0.00461752938317,2.734993683333334e-06,8.712319590886792e-05
459,100,46,5,fedadam,0.042485110808323644,1.8578976638288888e-05,0.00012375783329108287
460,100,46,5,fedyogi,0.0296543450451,1.8493283468076924e-05,0.0001251238187556962
461,100,46,10,fedadam,0.0290934222930403,4.2767299474597226e-05,0.00015142355862516588
462,100,46,10,fedavg,0.0171805496442688,4.4550102760763886e-05,0.00016056588452587666
463,100,46,10,fedyogi,0.06477509845637644,4.228061394708782e-05,0.0001501373254758155
464,100,46,20,fedadam,0.0257168515389566,9.356830314944444e-05,0.00020573481231165282
465,100,46,20,fedyogi,0.0408327786327263,9.521218068857639e-05,0.00020518984237550904
466,100,47,3,fedadam,0.0138436746614891,5.3719919156666674e-06,0.00011731927679228052
467,100,47,3,fedavg,0.0222674814497875,6.2712800614814815e-06,0.00012580497994230227
468,100,47,3,fedyogi,0.00461752938317,2.568031754652778e-06,8.712319590886792e-05
469,100,47,5,fedadam,0.045227111175087965,1.5731217240717595e-05,0.00012352391149122666
470,100,47,5,fedyogi,0.0296543450451,1.62223049525e-05,0.0001251238187556962
471,100,47,10,fedadam,0.028498313617254238,3.925888785106209e-05,0.00015149772577858532
472,100,47,10,fedavg,0.0171805496442688,3.7971906739444446e-05,0.00016056588452587666
473,100,47,10,fedyogi,0.06277071952461734,3.945569467965021e-05,0.00015019884094302072
474,100,47,20,fedadam,0.0257168515389566,8.715320057921297e-05,0.00020573481231165282
475,100,47,20,fedyogi,0.0408327786327263,8.78478719026852e-05,0.00020518984237550904
476,100,48,3,fedadam,0.0138436746614891,1.578504133159722e-05,0.00011731927679228051
477,100,48,3,fedavg,0.0222674814497875,1.606895482e-05,0.00012580497994230227
478,100,48,3,fedyogi,0.00461752938317,7.605953479444444e-06,8.712319590886792e-05
479,100,48,5,fedadam,0.04488606635335111,3.07089232563426e-05,0.00012355300624245256
480,100,48,5,fedyogi,0.0296543450451,3.111642321691358e-05,0.0001251238187556962
481,100,48,10,fedadam,0.028498313617254238,7.184961656642157e-05,0.00015149772577858532
482,100,48,10,fedavg,0.0171805496442688,7.056943247055556e-05,0.00016056588452587666
483,100,48,10,fedyogi,0.05671705300829348,7.111679628489379e-05,0.0001503846312235688
484,100,48,20,fedadam,0.0257168515389566,0.00014721390213861112,0.00020573481231165282
485,100,48,20,fedyogi,0.0408327786327263,0.0001543541406364352,0.00020518984237550904
486,100,49,3,fedadam,0.0138436746614891,5.065096888888889e-06,0.00011731927679228051
487,100,49,3,fedavg,0.0222674814497875,9.783196120601851e-06,0.00012580497994230227
488,100,49,3,fedyogi,0.00461752938317,2.904915622222223e-06,8.71231959088679e-05
489,100,49,5,fedadam,0.04073421634959808,1.6023667834347826e-05,0.0001239072032138983
490,100,49,5,fedyogi,0.0296543450451,1.7705726876635803e-05,0.0001251238187556962
491,100,49,10,fedadam,0.031261318183403795,4.050675221015625e-05,0.00015115337828056644
492,100,49,10,fedavg,0.0171805496442688,4.0863449049783955e-05,0.00016056588452587666
493,100,49,10,fedyogi,0.05970151428536124,3.9701274155528674e-05,0.00015029303650217869
494,100,49,20,fedadam,0.025716851538956604,8.927778938380952e-05,0.00020573481231165282
495,100,49,20,fedyogi,0.0408327786327263,9.017297614458334e-05,0.00020518984237550904
496,100,50,3,fedadam,0.0138436746614891,1.3888268370722224e-05,0.00011731927679228052
497,100,50,3,fedavg,0.0222674814497875,1.2816336544027778e-05,0.00012580497994230227
498,100,50,3,fedyogi,0.00461752938317,1.0647341369583332e-05,8.712319590886792e-05
499,100,50,5,fedadam,0.04141360998657585,2.7914789699890574e-05,0.00012384924370947988
500,100,50,5,fedyogi,0.0296543450451,2.7591194650674608e-05,0.0001251238187556962
501,100,50,10,fedadam,0.02727757787205207,6.126739882192307e-05,0.00015164986352918933
502,100,50,10,fedavg,0.0171805496442688,6.242982941911112e-05,0.00016056588452587666
503,100,50,10,fedyogi,0.06477509845637644,6.201248700798387e-05,0.0001501373254758155
504,100,50,20,fedadam,0.025716851538956597,0.0001341536124481111,0.00020573481231165284
505,100,50,20,fedyogi,0.0408327786327263,0.00013073632517833335,0.00020518984237550904
506,100,51,3,fedadam,0.0138436746614891,5.776272380486112e-06,0.00011731927679228051
507,100,51,3,fedavg,0.0222674814497875,6.460127887962963e-06,0.00012580497994230227
508,100,51,3,fedyogi,0.00461752938317,4.455313253333335e-06,8.712319590886792e-05
509,100,51,5,fedadam,0.042722195760262094,1.559692443842912e-05,0.00012373760742264445
510,100,51,5,fedyogi,0.0296543450451,1.585791931765873e-05,0.0001251238187556962
511,100,51,10,fedadam,0.027648158366131298,3.996831594075397e-05,0.00015160367885489883
512,100,51,10,fedavg,0.0171805496442688,4.0226285659375004e-05,0.00016056588452587666
513,100,51,10,fedyogi,0.06308390373270471,3.964912755994624e-05,0.0001501892291512699
514,100,51,20,fedadam,0.0257168515389566,8.625419042517361e-05,0.00020573481231165282
515,100,51,20,fedyogi,0.0408327786327263,9.011910705111111e-05,0.00020518984237550904
516,100,52,3,fedadam,0.0138436746614891,1.9513893048722223e-05,0.00011731927679228052
517,100,52,3,fedavg,0.0222674814497875,1.8543102773333336e-05,0.00012580497994230227
518,100,52,3,fedyogi,0.00461752938317,9.264006269166668e-06,8.712319590886792e-05
519,100,52,5,fedadam,0.04089846536073557,3.657196364097222e-05,0.00012389319102601692
520,100,52,5,fedyogi,0.0296543450451,3.8195410733944444e-05,0.0001251238187556962
521,100,52,10,fedadam,0.031181025743019963,8.23516221542963e-05,0.00015116338495999604
522,100,52,10,fedavg,0.0171805496442688,8.073897348338888e-05,0.00016056588452587666
523,100,52,10,fedyogi,0.06374159056968816,8.290713079667439e-05,0.00015016904438859316
524,100,52,20,fedadam,0.0257168515389566,0.0001712530684025,0.00020573481231165282
525,100,52,20,fedyogi,0.04083277863272631,0.0001730032141793651,0.00020518984237550904
526,100,53,3,fedadam,0.0138436746614891,1.212516002465278e-05,0.00011731927679228051
527,100,53,3,fedavg,0.0222674814497875,1.4201158448734568e-05,0.00012580497994230227
528,100,53,3,fedyogi,0.00461752938317,8.966412615833333e-06,8.712319590886792e-05
529,100,53,5,fedadam,0.04297621535162472,2.6846984661763892e-05,0.0001237159368493176
530,100,53,5,fedyogi,0.0296543450451,2.7379942216076387e-05,0.0001251238187556962
531,100,53,10,fedadam,0.026536416883893608,6.0110515759978636e-05,0.00015174223287777033
532,100,53,10,fedavg,0.0171805496442688,5.8702547615992064e-05,0.00016056588452587666
533,100,53,10,fedyogi,0.05908140955334827,6.171278087917593e-05,0.00015031206784984528
534,100,53,20,fedadam,0.0257168515389566,0.00013077422695847223,0.00020573481231165282
535,100,53,20,fedyogi,0.0408327786327263,0.00013220814823188272,0.00020518984237550904
536,100,54,3,fedadam,0.0138436746614891,1.2535753582777778e-05,0.00011731927679228052
537,100,54,3,fedavg,0.0222674814497875,1.214741135861111e-05,0.00012580497994230227
538,100,54,3,fedyogi,0.00461752938317,5.690401774444445e-06,8.712319590886792e-05
539,100,54,5,fedadam,0.04543173806813008,2.4528160527511114e-05,0.00012350645464049111
540,100,54,5,fedyogi,0.029654345045100002,2.3007187027853533e-05,0.0001251238187556962
541,100,54,10,fedadam,0.0309443743397834,5.548546033154971e-05,0.00015119287833094647
542,100,54,10,fedavg,0.0171805496442688,6.394062302981482e-05,0.00016056588452587666
543,100,54,10,fedyogi,0.06831855406787912,5.650378391742064e-05,0.00015002857491772055
544,100,54,20,fedadam,0.0257168515389566,0.00012158084354625001,0.00020573481231165282
545,100,54,20,fedyogi,0.0408327786327263,0.00012187250504291668,0.00020518984237550904
546,100,55,3,fedadam,0.0138436746614891,1.4498154518611111e-05,0.00011731927679228051
547,100,55,3,fedavg,0.0222674814497875,1.7614807721875e-05,0.00012580497994230227
548,100,55,3,fedyogi,0.00461752938317,1.1597922336388889e-05,8.712319590886792e-05
549,100,55,5,fedadam,0.041573059513621655,3.317659023140873e-05,0.00012383564096864698
550,100,55,5,fedyogi,0.0296543450451,3.3401000326666666e-05,0.0001251238187556962
551,100,55,10,fedadam,0.028408823590820243,7.372393715578948e-05,0.00015150887873398674
552,100,55,10,fedavg,0.0171805496442688,7.326965157175927e-05,0.00016056588452587666
553,100,55,10,fedyogi,0.06745768319047643,7.358430697886974e-05,0.00015005499550785334
554,100,55,20,fedadam,0.025716851538956597,0.00015550244192300003,0.00020573481231165284
555,100,55,20,fedyogi,0.0408327786327263,0.000156449835128125,0.00020518984237550904
556,100,56,3,fedadam,0.0138436746614891,1.694393635811111e-05,0.00011731927679228052
557,100,56,3,fedavg,0.0222674814497875,2.04228209835e-05,0.00012580497994230227
558,100,56,3,fedyogi,0.00461752938317,9.505919858333334e-06,8.712319590886792e-05
559,100,56,5,fedadam,0.04098841124778704,3.6912610197870376e-05,0.00012388551768503426
560,100,56,5,fedyogi,0.029654345045100002,3.451526125929293e-05,0.0001251238187556962
561,100,56,10,fedadam,0.028183441302023517,8.034772779114198e-05,0.00015153696765870143
562,100,56,10,fedavg,0.0171805496442688,8.129114049144445e-05,0.00016056588452587666
563,100,56,10,fedyogi,0.06036909114996851,7.929079687388889e-05,0.00015027254820923616
564,100,56,20,fedadam,0.0257168515389566,0.0001688398122390741,0.00020573481231165282
565,100,56,20,fedyogi,0.0408327786327263,0.0001674843277830808,0.00020518984237550902
566,100,57,3,fedadam,0.0138436746614891,2.393243942826389e-05,0.00011731927679228051
567,100,57,3,fedavg,0.0222674814497875,2.424193759357143e-05,0.00012580497994230227
568,100,57,3,fedyogi,0.00461752938317,1.818753436516667e-05,8.712319590886792e-05
569,100,57,5,fedadam,0.04023180760964814,4.458250548895425e-05,0.00012395006402388833
570,100,57,5,fedyogi,0.0296543450451,4.519086398265433e-05,0.0001251238187556962
571,100,57,10,fedadam,0.02727757787205207,9.760043438799147e-05,0.00015164986352918933
572,100,57,10,fedavg,0.0171805496442688,9.670434289282408e-05,0.00016056588452587666
573,100,57,10,fedyogi,0.06926551203302207,9.701147166758621e-05,0.00014999951226857448
574,100,57,20,fedadam,0.0257168515389566,0.0001976067416115278,0.00020573481231165282
575,100,57,20,fedyogi,0.0408327786327263,0.00020231719708703705,0.00020518984237550904
576,100,58,3,fedadam,0.0138436746614891,1.0302488660370371e-05,0.00011731927679228051
577,100,58,3,fedavg,0.0222674814497875,1.3138877260000001e-05,0.00012580497994230227
578,100,58,5,fedadam,0.04245003191237357,2.4653288423184525e-05,0.0001237608258940661
579,100,58,5,fedyogi,0.0296543450451,2.4912929832628206e-05,0.0001251238187556962
580,100,58,10,fedadam,0.027648158366131298,5.587372707805556e-05,0.00015160367885489883
581,100,58,10,fedavg,0.0171805496442688,5.4770558012777775e-05,0.00016056588452587666
582,100,58,10,fedyogi,0.06182758765226285,5.534914816949207e-05,0.0001502277861673217
583,100,58,20,fedadam,0.0257168515389566,0.00011777466144814815,0.00020573481231165282
584,100,58,20,fedyogi,0.0408327786327263,0.00011947106852858334,0.00020518984237550904
585,100,59,3,fedadam,0.0138436746614891,1.761398447003472e-05,0.00011731927679228051
586,100,59,3,fedavg,0.0222674814497875,1.5865873458425926e-05,0.00012580497994230227
587,100,59,3,fedyogi,0.00461752938317,1.0495200345972223e-05,8.712319590886792e-05
588,100,59,5,fedadam,0.03908830438382457,3.223014122215278e-05,0.00012404761701329282
589,100,59,5,fedyogi,0.0296543450451,3.25516214268254e-05,0.0001251238187556962
590,100,59,10,fedadam,0.028183441302023517,7.314217970223765e-05,0.00015153696765870143
591,100,59,10,fedavg,0.0171805496442688,7.391767527416668e-05,0.00016056588452587666
592,100,59,10,fedyogi,0.06332550297894353,7.393320835958334e-05,0.0001501818143404907
593,100,59,20,fedadam,0.025716851538956597,0.00015259796021677776,0.00020573481231165284
594,100,59,20,fedyogi,0.0408327786327263,0.00015576787854972224,0.00020518984237550904
595,100,60,3,fedadam,0.0138436746614891,8.019340992685186e-06,0.00011731927679228051
596,100,60,3,fedavg,0.0222674814497875,1.0064033404722223e-05,0.00012580497994230227
597,100,60,3,fedyogi,0.00461752938317,4.16655825e-06,8.712319590886792e-05
598,100,60,5,fedadam,0.04023180760964814,2.1292826081013075e-05,0.00012395006402388833
599,100,60,5,fedyogi,0.0296543450451,2.4023363078024694e-05,0.0001251238187556962
600,100,60,10,fedadam,0.026443771760373797,5.0026065116319446e-05,0.00015175377904634295
601,100,60,10,fedavg,0.0171805496442688,4.871283141583333e-05,0.00016056588452587666
602,100,60,10,fedyogi,0.06471246161475896,5.0714913139104935e-05,0.00015013924783416566
603,100,60,20,fedadam,0.0257168515389566,0.00011029135990972224,0.00020573481231165282
604,100,60,20,fedyogi,0.04083277863272631,0.00010775640168571429,0.00020518984237550904
605,100,61,3,fedadam,0.0138436746614891,1.625827514e-05,0.00011731927679228051
606,100,61,3,fedavg,0.0222674814497875,1.7105870268919753e-05,0.00012580497994230227
607,100,61,3,fedyogi,0.00461752938317,5.488382697962963e-06,8.71231959088679e-05
608,100,61,5,fedadam,0.044496300842794705,3.2857303648306884e-05,0.0001235862573867107
609,100,61,5,fedyogi,0.029654345045099995,3.07615438600463e-05,0.0001251238187556962
610,100,61,10,fedadam,0.028498313617254238,7.369847859699347e-05,0.00015149772577858532
611,100,61,10,fedavg,0.0171805496442688,7.305568583572221e-05,0.00016056588452587666
612,100,61,10,fedyogi,0.06620610937640636,7.371724778936966e-05,0.00015009340698120022
613,100,61,20,fedadam,0.0257168515389566,0.0001525089613263889,0.00020573481231165282
614,100,61,20,fedyogi,0.04083277863272631,0.00015653909417916666,0.00020518984237550904
615,100,62,3,fedadam,0.0138436746614891,1.494956390527778e-05,0.00011731927679228051
616,100,62,3,fedavg,0.0222674814497875,1.5531456387685186e-05,0.00012580497994230227
617,100,62,3,fedyogi,0.00461752938317,7.781884616388888e-06,8.712319590886792e-05
618,100,62,5,fedadam,0.04167623273700423,3.181521570905229e-05,0.0001238268391951669
619,100,62,5,fedyogi,0.0296543450451,3.433990103296297e-05,0.0001251238187556962
620,100,62,10,fedadam,0.029575176935343294,7.004086566208333e-05,0.00015136351854858822
621,100,62,10,fedavg,0.0171805496442688,6.601029318750002e-05,0.00016056588452587666
622,100,62,10,fedyogi,0.06519789713729437,7.017121513809523e-05,0.0001501243495569519
623,100,62,20,fedadam,0.025716851538956597,0.0001476418981376111,0.00020573481231165284
624,100,62,20,fedyogi,0.04083277863272631,0.0001499384494698016,0.00020518984237550904
625,100,63,3,fedadam,0.0138436746614891,8.864250684583333e-06,0.00011731927679228051
626,100,63,3,fedavg,0.0222674814497875,1.0262003909965279e-05,0.00012580497994230227
627,100,63,3,fedyogi,0.00461752938317,1.2112101972777778e-05,8.712319590886792e-05
628,100,63,5,fedadam,0.03471672985065215,2.2646494908181822e-05,0.00012442055882446118
629,100,63,5,fedyogi,0.029654345045099995,2.2216648682569444e-05,0.0001251238187556962
630,100,63,10,fedadam,0.02796932812766663,5.2781995278777784e-05,0.0001515636521371804
631,100,63,10,fedavg,0.0171805496442688,5.243855192993055e-05,0.00016056588452587666
632,100,63,10,fedyogi,0.07023895833285435,5.309271028292735e-05,0.00014996963667819358
633,100,63,20,fedadam,0.0257168515389566,0.00011275491033403847,0.00020573481231165282
634,100,63,20,fedyogi,0.04083277863272631,0.00011421904631827381,0.00020518984237550904
635,100,64,3,fedadam,0.0138436746614891,7.75558344e-06,0.00011731927679228051
636,100,64,3,fedavg,0.0222674814497875,8.024279899814816e-06,0.00012580497994230227
637,100,64,5,fedadam,0.04052069263511936,1.8930919140703706e-05,0.00012392541905814405
638,100,64,5,fedyogi,0.0296543450451,2.048844696131173e-05,0.0001251238187556962
639,100,64,10,fedadam,0.030056931577646297,4.5807045885902774e-05,0.00015130347847201056
640,100,64,10,fedavg,0.0171805496442688,4.657098490564815e-05,0.00016056588452587666
641,100,64,10,fedyogi,0.07194986395074136,4.761036018e-05,0.0001499171280647968
642,100,64,20,fedadam,0.025716851538956604,0.00010175105930099206,0.00020573481231165282
643,100,64,20,fedyogi,0.0408327786327263,0.0001016042697163889,0.00020518984237550904
644,100,65,3,fedadam,0.0138436746614891,6.929144965833333e-06,0.00011731927679228051
645,100,65,3,fedavg,0.0222674814497875,6.998288258833333e-06,0.00012580497994230227
646,100,65,3,fedyogi,0.00461752938317,2.3470538159722225e-06,8.712319590886792e-05
647,100,65,5,fedadam,0.04167623273700423,1.698141923214052e-05,0.0001238268391951669
648,100,65,5,fedyogi,0.0296543450451,1.7833389616944444e-05,0.0001251238187556962
649,100,65,10,fedadam,0.027364773282423652,4.184583857178105e-05,0.00015163899654700334
650,100,65,10,fedavg,0.0171805496442688,4.245020073444445e-05,0.00016056588452587666
651,100,65,10,fedyogi,0.06815748790371991,4.2489879001388894e-05,0.00015003351812490669
652,100,65,20,fedadam,0.025716851538956597,9.370133226355555e-05,0.00020573481231165284
653,100,65,20,fedyogi,0.04083277863272631,9.19609702768254e-05,0.00020518984237550904
654,100,66,3,fedadam,0.0138436746614891,1.3740376765694444e-05,0.00011731927679228051
655,100,66,3,fedavg,0.0222674814497875,1.5928023639027778e-05,0.00012580497994230227
656,100,66,3,fedyogi,0.00461752938317,7.366684410648148e-06,8.71231959088679e-05
657,100,66,5,fedadam,0.036311225121110166,3.097224637257937e-05,0.0001242845314161323
658,100,66,5,fedyogi,0.0296543450451,3.01353926546875e-05,0.0001251238187556962
659,100,66,10,fedadam,0.02695993744855558,6.73862755770238e-05,0.0001516894503928669
660,100,66,10,fedavg,0.0171805496442688,6.984066172731483e-05,0.00016056588452587666
661,100,66,10,fedyogi,0.06956681684011301,6.831425878653935e-05,0.00014999026506202804
662,100,66,20,fedadam,0.025716851538956604,0.0001457739966193254,0.00020573481231165282
663,100,66,20,fedyogi,0.0408327786327263,0.00014750735557194446,0.00020518984237550904
664,100,67,3,fedadam,0.0138436746614891,2.291906915944444e-05,0.00011731927679228051
665,100,67,3,fedavg,0.0222674814497875,2.5967395433373014e-05,0.00012580497994230227
666,100,67,3,fedyogi,0.00461752938317,1.325080661486111e-05,8.712319590886792e-05
667,100,67,5,fedadam,0.038065169918614,4.334245819073611e-05,0.00012413490126697053
668,100,67,5,fedyogi,0.029654345045100002,4.535005336598485e-05,0.0001251238187556962
669,100,67,10,fedadam,0.029575176935343294,9.419412599822223e-05,0.00015136351854858822
670,100,67,10,fedavg,0.0171805496442688,9.551021814222223e-05,0.00016056588452587666
671,100,67,10,fedyogi,0.06984868262739165,9.666832635793908e-05,0.0001499816144494523
672,100,67,20,fedadam,0.0257168515389566,0.00019558718726083335,0.00020573481231165282
673,100,67,20,fedyogi,0.0408327786327263,0.00019935666731005558,0.00020518984237550904
674,100,68,3,fedadam,0.0138436746614891,9.486541298425927e-06,0.00011731927679228051
675,100,68,3,fedavg,0.0222674814497875,1.0133812584131946e-05,0.00012580497994230227
676,100,68,3,fedyogi,0.00461752938317,7.312345124351852e-06,8.71231959088679e-05
677,100,68,5,fedadam,0.042157707779456266,2.2075497539699074e-05,0.00012378576425225974
678,100,68,5,fedyogi,0.0296543450451,2.1152443685064102e-05,0.0001251238187556962
679,100,68,10,fedadam,0.03019862411950012,4.9394775927026144e-05,0.00015128581962595833
680,100,68,10,fedavg,0.0171805496442688,4.938363745777778e-05,0.00016056588452587666
681,100,68,10,fedyogi,0.07153987735106336,4.9292336449650544e-05,0.00014992971077399788
682,100,68,20,fedadam,0.0257168515389566,0.00010839604287430557,0.00020573481231165282
683,100,68,20,fedyogi,0.0408327786327263,0.00010811986694000001,0.00020518984237550904
684,100,69,3,fedadam,0.0138436746614891,2.1425904396666666e-05,0.00011731927679228051
685,100,69,3,fedavg,0.0222674814497875,2.1675993718611112e-05,0.00012580497994230227
686,100,69,3,fedyogi,0.00461752938317,8.727972275555556e-06,8.712319590886792e-05
687,100,69,5,fedadam,0.03601890098819287,4.2660870571435194e-05,0.00012430946977432593
688,100,69,5,fedyogi,0.0296543450451,4.197310218404321e-05,0.0001251238187556962
689,100,69,10,fedadam,0.030056931577646297,9.120922192130208e-05,0.00015130347847201059
690,100,69,10,fedavg,0.0171805496442688,9.28611057183889e-05,0.00016056588452587666
691,100,69,10,fedyogi,0.05970151428536124,9.207981582694445e-05,0.00015029303650217869
692,100,69,20,fedadam,0.025716851538956604,0.000188719875803373,0.00020573481231165282
693,100,69,20,fedyogi,0.0408327786327263,0.00019172019089305558,0.00020518984237550904
694,100,70,3,fedadam,0.0138436746614891,3.2129501578981484e-05,0.00011731927679228051
695,100,70,3,fedavg,0.0222674814497875,3.164534295219445e-05,0.00012580497994230227
696,100,70,3,fedyogi,0.00461752938317,1.7045253251944447e-05,8.71231959088679e-05
697,100,70,5,fedadam,0.038065169918614,5.898733018066919e-05,0.00012413490126697053
698,100,70,5,fedyogi,0.029654345045100002,6.027208161025252e-05,0.0001251238187556962
699,100,70,10,fedadam,0.030056931577646297,0.00012718691546315973,0.00015130347847201059
700,100,70,10,fedyogi,0.07115551491386524,0.00012813015022981061,0.0001499415070638739
701,100,70,20,fedadam,0.0257168515389566,0.00026044976079,0.00020573481231165282
702,100,70,20,fedyogi,0.0408327786327263,0.00027026415691169754,0.00020518984237550904
703,100,71,3,fedadam,0.0138436746614891,1.378301467e-05,0.00011731927679228051
704,100,71,3,fedavg,0.0222674814497875,1.4426624176512346e-05,0.00012580497994230227
705,100,71,3,fedyogi,0.00461752938317,7.714687857222222e-06,8.712319590886792e-05
706,100,71,5,fedadam,0.04318084224466683,2.9755834627905094e-05,0.00012369847999858203
707,100,71,5,fedyogi,0.029654345045099995,3.0632276016458334e-05,0.0001251238187556962
708,100,71,10,fedadam,0.027648158366131298,6.934937193111112e-05,0.00015160367885489883
709,100,71,10,fedyogi,0.06203419666283949,6.826648165901341e-05,0.00015022144522568986
710,100,71,20,fedadam,0.0257168515389566,0.0001455358950648264,0.00020573481231165282
711,100,71,20,fedyogi,0.0408327786327263,0.00014778566151605558,0.00020518984237550904
712,100,72,3,fedadam,0.0138436746614891,1.859170118041667e-05,0.00011731927679228051
713,100,72,3,fedavg,0.0222674814497875,1.6906072503854168e-05,0.00012580497994230227
714,100,72,3,fedyogi,0.00461752938317,8.211633787962963e-06,8.71231959088679e-05
715,100,72,5,fedadam,0.043436625860969476,3.4381982156944446e-05,0.00012367665893516262
716,100,72,5,fedyogi,0.029654345045100002,3.5140556487601014e-05,0.0001251238187556962
717,100,72,10,fedadam,0.02727757787205207,7.855017729662393e-05,0.00015164986352918933
718,100,72,10,fedyogi,0.06082897743447573,7.780934024744857e-05,0.00015025843405187575
719,100,72,20,fedadam,0.0257168515389566,0.000168988394355463,0.00020573481231165282
720,100,72,20,fedyogi,0.0408327786327263,0.00016618687632489587,0.00020518984237550904
721,100,73,3,fedadam,0.0138436746614891,1.802535630836806e-05,0.00011731927679228051
722,100,73,3,fedavg,0.0222674814497875,1.7161596045555557e-05,0.00012580497994230227
723,100,73,3,fedyogi,0.00461752938317,9.83140911388889e-06,8.712319590886792e-05
724,100,73,5,fedadam,0.04089846536073557,3.393804376741453e-05,0.00012389319102601692
725,100,73,5,fedyogi,0.0296543450451,3.3054596322407414e-05,0.0001251238187556962
726,100,73,10,fedadam,0.028759899848368988,7.570196527036326e-05,0.00015146512483202732
727,100,73,10,fedyogi,0.06559507165573243,7.39413280888384e-05,0.00015011216005741336
728,100,73,20,fedadam,0.0257168515389566,0.00016241060286500004,0.00020573481231165282
729,100,73,20,fedyogi,0.0408327786327263,0.00016032140953229168,0.00020518984237550904
730,100,74,3,fedadam,0.0138436746614891,1.0160983912055555e-05,0.00011731927679228052
731,100,74,3,fedavg,0.0222674814497875,1.0119651863611112e-05,0.00012580497994230227
732,100,74,3,fedyogi,0.00461752938317,3.303529285833334e-06,8.712319590886792e-05
733,100,74,5,fedadam,0.04306716063742121,2.1837801172037036e-05,0.00012370817824899067
734,100,74,5,fedyogi,0.0296543450451,2.1361634486111113e-05,0.0001251238187556962
735,100,74,10,fedadam,0.029024600201282724,5.3828097695416664e-05,0.00015143213577896268
736,100,74,10,fedyogi,0.06257654531560318,5.1869498114842594e-05,0.00015020480025390622
737,100,74,20,fedadam,0.0257168515389566,0.00011418348400287039,0.00020573481231165282
738,100,74,20,fedyogi,0.0408327786327263,0.00011409044308396465,0.00020518984237550902
739,100,75,3,fedadam,0.0138436746614891,7.980783364444443e-06,0.00011731927679228052
740,100,75,3,fedavg,0.0222674814497875,7.1421027195061725e-06,0.00012580497994230227
741,100,75,5,fedadam,0.04318084224466683,1.6189056929768517e-05,0.00012369847999858203
742,100,75,5,fedyogi,0.029654345045099995,1.622772155189815e-05,0.0001251238187556962
743,100,75,10,fedadam,0.026536416883893608,4.231063494916667e-05,0.00015174223287777033
744,100,75,10,fedyogi,0.06638942069260854,4.2162675866641415e-05,0.00015008778105833628
745,100,75,20,fedadam,0.025716851538956597,9.111187531372221e-05,0.00020573481231165284
746,100,75,20,fedyogi,0.0408327786327263,9.292485572131945e-05,0.00020518984237550904
747,100,76,3,fedadam,0.0138436746614891,9.80832830962963e-06,0.00011731927679228051
748,100,76,3,fedavg,0.0222674814497875,1.2488592059837964e-05,0.00012580497994230227
749,100,76,3,fedyogi,0.00461752938317,8.167166464305556e-06,8.712319590886792e-05
750,100,76,5,fedadam,0.04052069263511936,2.8239660778601854e-05,0.00012392541905814405
751,100,76,5,fedyogi,0.0296543450451,2.6875520106517092e-05,0.0001251238187556962
752,100,76,10,fedadam,0.028759899848368988,6.250694223865384e-05,0.00015146512483202732
753,100,76,10,fedyogi,0.06351754340544104,6.215355393517095e-05,0.00015017592051653797
754,100,76,20,fedadam,0.0257168515389566,0.00013960639146388888,0.00020573481231165282
755,100,76,20,fedyogi,0.0408327786327263,0.0001329619987718056,0.00020518984237550904
756,100,77,3,fedadam,0.0138436746614891,1.2866102827037036e-05,0.00011731927679228051
757,100,77,3,fedavg,0.0222674814497875,1.617688292984568e-05,0.00012580497994230227
758,100,77,3,fedyogi,0.00461752938317,8.817908669166665e-06,8.712319590886792e-05
759,100,77,5,fedadam,0.04098841124778704,3.195470702917989e-05,0.00012388551768503426
760,100,77,5,fedyogi,0.0296543450451,3.0685088676481484e-05,0.0001251238187556962
761,100,77,10,fedadam,0.028498313617254238,6.923415504558825e-05,0.00015149772577858532
762,100,77,10,fedyogi,0.06432411319673065,6.98976882366574e-05,0.00015015116645593666
763,100,77,20,fedadam,0.0257168515389566,0.00015010081780375,0.00020573481231165282
764,100,77,20,fedyogi,0.0408327786327263,0.0001481932453113889,0.00020518984237550904
765,100,78,3,fedadam,0.0138436746614891,1.7167457959629633e-05,0.00011731927679228051
766,100,78,3,fedavg,0.0222674814497875,1.88027395415625e-05,0.00012580497994230227
767,100,78,3,fedyogi,0.00461752938317,8.301099075185185e-06,8.71231959088679e-05
768,100,78,5,fedadam,0.042157707779456266,3.521055542383598e-05,0.00012378576425225974
769,100,78,5,fedyogi,0.0296543450451,3.395925818540123e-05,0.0001251238187556962
770,100,78,10,fedadam,0.02825035166901005,7.87766871792882e-05,0.00015152862875917675
771,100,78,10,fedyogi,0.06192120736018039,7.802306456715278e-05,0.00015022491292814477
772,100,78,20,fedadam,0.0257168515389566,0.00016483331417166665,0.00020573481231165282
773,100,78,20,fedyogi,0.04083277863272631,0.0001695431811025,0.00020518984237550904
774,100,79,3,fedadam,0.0138436746614891,1.4957794345555557e-05,0.00011731927679228051
775,100,79,3,fedavg,0.0222674814497875,1.6412387210416665e-05,0.00012580497994230227
776,100,79,3,fedyogi,0.00461752938317,5.412737731944444e-06,8.712319590886792e-05
777,100,79,5,fedadam,0.04215770777945626,3.1805586350864195e-05,0.00012378576425225974
778,100,79,5,fedyogi,0.0296543450451,3.789973142611111e-05,0.0001251238187556962
779,100,79,10,fedadam,0.028451082769969632,7.347606160101852e-05,0.00015150361206060274
780,100,79,10,fedyogi,0.06690747441231036,7.177455335391305e-05,0.0001500718817111121
781,100,79,20,fedadam,0.0257168515389566,0.00015311526225354166,0.00020573481231165282
782,100,79,20,fedyogi,0.04083277863272631,0.00015524335834257938,0.00020518984237550904
783,100,80,3,fedadam,0.0138436746614891,9.722615804305556e-06,0.00011731927679228051
784,100,80,3,fedavg,0.0222674814497875,7.041292964027779e-06,0.00012580497994230227
785,100,80,3,fedyogi,0.00461752938317,1.9914431052777778e-06,8.71231959088679e-05
786,100,80,5,fedadam,0.045227111175087965,1.6869208292812503e-05,0.00012352391149122666
787,100,80,5,fedyogi,0.029654345045099995,1.9671443863449073e-05,0.0001251238187556962
788,100,80,10,fedadam,0.027648158366131298,4.1143179236845244e-05,0.00015160367885489883
789,100,80,10,fedavg,0.0171805496442688,4.606086634937501e-05,0.00016056588452587666
790,100,80,10,fedyogi,0.06482341830562421,4.149984902238889e-05,0.00015013584251365967
791,100,80,20,fedadam,0.0257168515389566,9.091392243132718e-05,0.00020573481231165282
792,100,80,20,fedyogi,0.0408327786327263,9.418164296305557e-05,0.00020518984237550904
793,100,81,3,fedadam,0.0138436746614891,1.7002296033777777e-05,0.00011731927679228052
794,100,81,3,fedavg,0.0222674814497875,2.0376293946419756e-05,0.00012580497994230227
795,100,81,3,fedyogi,0.00461752938317,6.698923059861112e-06,8.712319590886792e-05
796,100,81,5,fedadam,0.04364590336521709,3.556438044912879e-05,0.00012365880533781945
797,100,81,5,fedyogi,0.0296543450451,3.552412826474207e-05,0.0001251238187556962
798,100,81,10,fedadam,0.03085985598148463,7.724628437719907e-05,0.0001512034116777145
799,100,81,10,fedavg,0.0171805496442688,7.766333152895833e-05,0.00016056588452587666
800,100,81,10,fedyogi,0.06192120736018039,7.676557900402778e-05,0.00015022491292814477
801,100,81,20,fedadam,0.025716851538956597,0.00016118743487005555,0.00020573481231165284
802,100,81,20,fedyogi,0.0408327786327263,0.00016208284282212966,0.00020518984237550904
803,100,82,3,fedadam,0.0138436746614891,3.0968700187037038e-06,0.00011731927679228051
804,100,82,3,fedavg,0.0222674814497875,3.3876381025555553e-06,0.00012580497994230227
805,100,82,3,fedyogi,0.00461752938317,2.2810257437037037e-06,8.71231959088679e-05
806,100,82,5,fedadam,0.04052069263511936,9.590503627379629e-06,0.00012392541905814405
807,100,82,5,fedyogi,0.029654345045099995,1.005947322699074e-05,0.0001251238187556962
808,100,82,10,fedadam,0.0298379521947813,2.8380381725075756e-05,0.00015133076941590951
809,100,82,10,fedavg,0.0171805496442688,2.7365168746250002e-05,0.00016056588452587666
810,100,82,10,fedyogi,0.05958071466224184,2.717925540574405e-05,0.00015029674390756826
811,100,82,20,fedadam,0.025716851538956597,6.324207511266669e-05,0.00020573481231165284
812,100,82,20,fedyogi,0.0408327786327263,6.35750840334375e-05,0.00020518984237550904
813,100,83,3,fedadam,0.0138436746614891,1.6400145453555557e-05,0.00011731927679228052
814,100,83,3,fedavg,0.0222674814497875,1.9612086438703706e-05,0.00012580497994230227
815,100,83,5,fedadam,0.03748052165277939,3.27994511036508e-05,0.00012418477798335778
816,100,83,5,fedyogi,0.0296543450451,3.3637773450396825e-05,0.0001251238187556962
817,100,83,10,fedadam,0.0298379521947813,7.599871563805556e-05,0.00015133076941590951
818,100,83,10,fedavg,0.0171805496442688,7.4486565211e-05,0.00016056588452587666
819,100,83,10,fedyogi,0.06646629318004818,7.323142623953406e-05,0.0001500854218003611
820,100,83,20,fedadam,0.0257168515389566,0.00015915378369569445,0.00020573481231165282
821,100,83,20,fedyogi,0.0408327786327263,0.00015713046764407408,0.00020518984237550904
822,100,84,3,fedadam,0.0138436746614891,1.7011280784944446e-05,0.00011731927679228052
823,100,84,3,fedavg,0.0222674814497875,1.5788565805069445e-05,0.00012580497994230227
824,100,84,3,fedyogi,0.00461752938317,1.012251696611111e-05,8.712319590886792e-05
825,100,84,5,fedadam,0.04124825492149132,3.019798171778807e-05,0.0001238633502555288
826,100,84,5,fedyogi,0.0296543450451,3.1069114855e-05,0.0001251238187556962
827,100,84,10,fedadam,0.02825035166901005,7.044841031925347e-05,0.00015152862875917675
828,100,84,10,fedavg,0.0171805496442688,7.049392046638889e-05,0.00016056588452587666
829,100,84,10,fedyogi,0.06413518693931146,6.93363967602928e-05,0.0001501569647043658
830,100,84,20,fedadam,0.025716851538956597,0.00014577743564744445,0.00020573481231165284
831,100,84,20,fedyogi,0.0408327786327263,0.00014473405395412037,0.00020518984237550904
832,100,85,3,fedadam,0.0138436746614891,2.1977901997361107e-05,0.00011731927679228051
833,100,85,3,fedavg,0.0222674814497875,3.160195109291667e-05,0.00012580497994230227
834,100,85,3,fedyogi,0.00461752938317,1.1854086626944445e-05,8.712319590886792e-05
835,100,85,5,fedadam,0.042669275012061546,4.1991395700381944e-05,0.0001237421221254209
836,100,85,5,fedyogi,0.029654345045099995,4.338111688009259e-05,0.0001251238187556962
837,100,85,10,fedadam,0.025721139796919302,9.09867322981111e-05,0.00015184383916120944
838,100,85,10,fedavg,0.0171805496442688,9.043081784958333e-05,0.00016056588452587666
839,100,85,10,fedyogi,0.06362508604427966,9.095773132598889e-05,0.00015017261997512447
840,100,85,20,fedadam,0.0257168515389566,0.00018499068052000003,0.00020573481231165282
841,100,85,20,fedyogi,0.0408327786327263,0.0001895207485507639,0.00020518984237550904
842,100,86,3,fedadam,0.0138436746614891,7.323698362592593e-06,0.00011731927679228051
843,100,86,3,fedavg,0.0222674814497875,9.214929718666666e-06,0.00012580497994230227
844,100,86,3,fedyogi,0.00461752938317,3.206979151388889e-06,8.712319590886792e-05
845,100,86,5,fedadam,0.04379472292379317,1.8768013317064815e-05,0.00012364610944637543
846,100,86,5,fedyogi,0.029654345045100002,2.059482306916667e-05,0.0001251238187556962
847,100,86,10,fedadam,0.027364773282423652,4.6432538030392156e-05,0.00015163899654700334
848,100,86,10,fedavg,0.0171805496442688,4.859486286861111e-05,0.00016056588452587666
849,100,86,10,fedyogi,0.06203419666283949,4.472277943950191e-05,0.00015022144522568986
850,100,86,20,fedadam,0.0257168515389566,9.893018401503473e-05,0.00020573481231165282
851,100,86,20,fedyogi,0.0408327786327263,0.00010153671012006172,0.00020518984237550904
852,100,87,3,fedadam,0.0138436746614891,1.7811457403333335e-05,0.0001173192767922805
853,100,87,3,fedavg,0.0222674814497875,1.486089274859127e-05,0.00012580497994230227
854,100,87,3,fedyogi,0.00461752938317,1.2860411898055557e-05,8.712319590886792e-05
855,100,87,5,fedadam,0.041842897174776086,2.871270083380342e-05,0.00012381262094569902
856,100,87,5,fedyogi,0.0296543450451,2.9145713782307694e-05,0.0001251238187556962
857,100,87,10,fedadam,0.03133216445433071,6.752275484571897e-05,0.0001511445488575403
858,100,87,10,fedavg,0.0171805496442688,7.180422994287037e-05,0.00016056588452587666
859,100,87,10,fedyogi,0.06894268545399607,6.509952266029762e-05,0.00015000941998987428
860,100,87,20,fedadam,0.0257168515389566,0.00013865451047712963,0.00020573481231165282
861,100,87,20,fedyogi,0.0408327786327263,0.00014274385619308081,0.00020518984237550902
862,100,88,3,fedadam,0.0138436746614891,1.6672245821865077e-05,0.0001173192767922805
863,100,88,3,fedavg,0.0222674814497875,1.6613463055833334e-05,0.00012580497994230227
864,100,88,3,fedyogi,0.00461752938317,8.882672778055557e-06,8.712319590886792e-05
865,100,88,5,fedadam,0.046659499426382756,3.648519126681945e-05,0.00012340171353607786
866,100,88,5,fedyogi,0.0296543450451,3.485601310524306e-05,0.0001251238187556962
867,100,88,10,fedadam,0.026798003115008358,7.757124656689543e-05,0.0001517096319312123
868,100,88,10,fedavg,0.0171805496442688,8.013848207305556e-05,0.00016056588452587666
869,100,88,10,fedyogi,0.06477509845637644,7.845421435513441e-05,0.0001501373254758155
870,100,88,20,fedadam,0.0257168515389566,0.00016159429680787037,0.00020573481231165282
871,100,88,20,fedyogi,0.04083277863272631,0.00016487869083281747,0.00020518984237550904
872,100,89,3,fedadam,0.0138436746614891,7.839168630000001e-06,0.00011731927679228051
873,100,89,3,fedavg,0.0222674814497875,7.902211786874999e-06,0.00012580497994230227
874,100,89,5,fedadam,0.042157707779456266,1.793434047618827e-05,0.00012378576425225974
875,100,89,5,fedyogi,0.0296543450451,1.877731644626543e-05,0.0001251238187556962
876,100,89,10,fedadam,0.026684649081525298,4.361136585059259e-05,0.00015172375900805415
877,100,89,10,fedavg,0.0171805496442688,4.367086211840278e-05,0.00016056588452587666
878,100,89,10,fedyogi,0.06707029129564522,4.498409873590278e-05,0.00015006688477341309
879,100,89,20,fedadam,0.0257168515389566,9.628001192916667e-05,0.00020573481231165282
880,100,89,20,fedyogi,0.0408327786327263,9.814744839697917e-05,0.00020518984237550904
881,100,90,3,fedadam,0.0138436746614891,1.3915223696458334e-05,0.00011731927679228051
882,100,90,3,fedavg,0.0222674814497875,1.0133744070555557e-05,0.00012580497994230227
883,100,90,3,fedyogi,0.00461752938317,3.866655261388889e-06,8.71231959088679e-05
884,100,90,5,fedadam,0.04052069263511936,2.723826172852778e-05,0.00012392541905814405
885,100,90,5,fedyogi,0.029654345045100002,2.7299148169974748e-05,0.0001251238187556962
886,100,90,10,fedadam,0.030056931577646297,6.41879342175926e-05,0.00015130347847201056
887,100,90,10,fedavg,0.0171805496442688,6.39867998578889e-05,0.00016056588452587666
888,100,90,10,fedyogi,0.07175127669152233,6.278427362085648e-05,0.00014992322281456608
889,100,90,20,fedadam,0.0257168515389566,0.00013200023700444445,0.00020573481231165282
890,100,90,20,fedyogi,0.0408327786327263,0.00013303157197317903,0.00020518984237550904
891,100,91,3,fedadam,0.0138436746614891,1.767545104453704e-05,0.00011731927679228051
892,100,91,3,fedavg,0.0222674814497875,1.439137277361111e-05,0.00012580497994230227
893,100,91,3,fedyogi,0.00461752938317,7.119341085416667e-06,8.712319590886792e-05
894,100,91,5,fedadam,0.04180183492199172,2.9229997512669085e-05,0.00012381612399266938
895,100,91,5,fedyogi,0.0296543450451,2.9704490014679487e-05,0.0001251238187556962
896,100,91,10,fedadam,0.028018738860210526,6.508571834446581e-05,0.00015155749418060835
897,100,91,10,fedavg,0.0171805496442688,7.052108228930556e-05,0.00016056588452587666
898,100,91,10,fedyogi,0.06355955224873738,6.612433509598959e-05,0.00015017463124254835
899,100,91,20,fedadam,0.0257168515389566,0.00013784816308708332,0.00020573481231165282
900,100,91,20,fedyogi,0.0408327786327263,0.00013993470926361112,0.00020518984237550904
901,100,92,3,fedadam,0.0138436746614891,9.120806982847222e-06,0.00011731927679228051
902,100,92,3,fedavg,0.0222674814497875,8.074658717685184e-06,0.00012580497994230227
903,100,92,3,fedyogi,0.00461752938317,4.279164333981481e-06,8.71231959088679e-05
904,100,92,5,fedadam,0.04073421634959808,1.744076959835749e-05,0.0001239072032138983
905,100,92,5,fedyogi,0.0296543450451,1.5604104073833334e-05,0.0001251238187556962
906,100,92,10,fedadam,0.030538686219949297,4.13517673547037e-05,0.00015124343839543293
907,100,92,10,fedavg,0.0171805496442688,4.212663604232639e-05,0.00016056588452587666
908,100,92,10,fedyogi,0.061623326471351846,4.112843313443183e-05,0.00015023405505279868
909,100,92,20,fedyogi,0.04083277863272631,9.159432120230159e-05,0.00020518984237550904
910,100,93,3,fedadam,0.0138436746614891,1.393423710777778e-05,0.00011731927679228051
911,100,93,3,fedavg,0.0222674814497875,1.2556029525357143e-05,0.00012580497994230227
912,100,93,5,fedadam,0.03432850491523628,2.8772258870495168e-05,0.00012445367854127168
913,100,93,5,fedyogi,0.0296543450451,3.0277648075e-05,0.0001251238187556962
914,100,93,10,fedadam,0.029454738274767547,6.480356492628473e-05,0.00015137852856773263
915,100,93,10,fedavg,0.0171805496442688,6.916260233787038e-05,0.00016056588452587666
916,100,93,10,fedyogi,0.05841853897774821,6.49143167943774e-05,0.00015033241170424753
917,100,93,20,fedadam,0.025716851538956597,0.0001394321739577778,0.00020573481231165284
918,100,93,20,fedyogi,0.0408327786327263,0.00013848625243972223,0.00020518984237550904
919,100,94,3,fedadam,0.0138436746614891,1.6548763687388892e-05,0.00011731927679228052
920,100,94,3,fedavg,0.0222674814497875,1.6498606730648148e-05,0.00012580497994230227
921,100,94,3,fedyogi,0.00461752938317,8.561033624537037e-06,8.71231959088679e-05
922,100,94,5,fedadam,0.04488606635335111,3.2895868168467085e-05,0.00012355300624245253
923,100,94,5,fedyogi,0.0296543450451,3.353126905049383e-05,0.0001251238187556962
924,100,94,10,fedadam,0.026684649081525298,7.45408290525e-05,0.00015172375900805415
925,100,94,10,fedavg,0.0171805496442688,7.65718674823889e-05,0.00016056588452587666
926,100,94,10,fedyogi,0.06696908080059923,7.386123145454205e-05,0.0001500699909779287
927,100,94,20,fedadam,0.0257168515389566,0.00015538850134092595,0.00020573481231165282
928,100,94,20,fedyogi,0.0408327786327263,0.00016000574835280863,0.00020518984237550904
929,100,95,3,fedadam,0.0138436746614891,3.271664803791667e-05,0.00011731927679228051
930,100,95,3,fedavg,0.0222674814497875,2.178930230824074e-05,0.00012580497994230227
931,100,95,3,fedyogi,0.00461752938317,9.636693766805557e-06,8.712319590886792e-05
932,100,95,5,fedadam,0.04098841124778704,3.881757317043651e-05,0.00012388551768503426
933,100,95,5,fedyogi,0.0296543450451,3.921539364394444e-05,0.0001251238187556962
934,100,95,10,fedadam,0.029254007173807967,8.710740650699074e-05,0.00015140354526630665
935,100,95,10,fedavg,0.0171805496442688,8.578225920222223e-05,0.00016056588452587666
936,100,95,10,fedyogi,0.058140411463510414,8.54413031669124e-05,0.0001503409475872135
937,100,95,20,fedadam,0.0257168515389566,0.00018340643659611115,0.00020573481231165282
938,100,95,20,fedyogi,0.0408327786327263,0.00018041589841365742,0.00020518984237550904
939,100,96,3,fedadam,0.0138436746614891,2.128593535291667e-05,0.00011731927679228051
940,100,96,3,fedavg,0.0222674814497875,2.7041280333703703e-05,0.00012580497994230227
941,100,96,3,fedyogi,0.00461752938317,1.8928205990555555e-05,8.712319590886792e-05
942,100,96,5,fedadam,0.04252975667589647,4.77441776059596e-05,0.00012375402452364967
943,100,96,5,fedyogi,0.0296543450451,4.668926888920635e-05,0.0001251238187556962
944,100,96,10,fedadam,0.028611667650737298,0.00010055026625440742,0.00015148359870174354
945,100,96,10,fedavg,0.0171805496442688,0.00010230467941944444,0.00016056588452587666
946,100,96,10,fedyogi,0.060828977434475726,0.00010170130711059525,0.00015025843405187575
947,100,96,20,fedadam,0.025716851538956604,0.0002082434619770635,0.00020573481231165282
948,100,96,20,fedyogi,0.0408327786327263,0.00021102875168579058,0.00020518984237550904
949,100,97,3,fedadam,0.0138436746614891,7.098499320555556e-06,0.0001173192767922805
950,100,97,3,fedavg,0.0222674814497875,8.316372890634921e-06,0.00012580497994230227
951,100,97,3,fedyogi,0.00461752938317,5.363261366666666e-06,8.712319590886792e-05
952,100,97,5,fedadam,0.045590158888549774,1.783197075326165e-05,0.0001234929396592765
953,100,97,5,fedyogi,0.0296543450451,1.7733640489043212e-05,0.0001251238187556962
954,100,97,10,fedadam,0.028129913008434298,4.306472057484722e-05,0.00015154363877832117
955,100,97,10,fedavg,0.0171805496442688,4.208976513883334e-05,0.00016056588452587666
956,100,97,10,fedyogi,0.06781924895898556,4.2153884766365086e-05,0.00015004389885999757
957,100,97,20,fedadam,0.0257168515389566,9.248707378972224e-05,0.00020573481231165282
958,100,97,20,fedyogi,0.0408327786327263,9.315224509232639e-05,0.00020518984237550904
959,100,98,3,fedadam,0.0138436746614891,1.9717802549212963e-05,0.00011731927679228051
960,100,98,3,fedavg,0.0222674814497875,1.992443869061111e-05,0.00012580497994230227
961,100,98,3,fedyogi,0.00461752938317,9.767995534722221e-06,8.712319590886792e-05
962,100,98,5,fedadam,0.04388088161560038,3.695857222846492e-05,0.00012363875919343416
963,100,98,5,fedyogi,0.029654345045099995,3.574225294069445e-05,0.0001251238187556962
964,100,98,10,fedadam,0.029254007173807963,8.073482994511112e-05,0.00015140354526630665
965,100,98,10,fedyogi,0.06519789713729437,8.102342487525463e-05,0.0001501243495569519
966,100,98,20,fedadam,0.0257168515389566,0.00016704107921967592,0.00020573481231165282
967,100,98,20,fedyogi,0.0408327786327263,0.00017046851149555553,0.00020518984237550904
968,100,99,3,fedadam,0.0138436746614891,1.5775877829055557e-05,0.00011731927679228052
969,100,99,3,fedavg,0.0222674814497875,1.5425787897542733e-05,0.00012580497994230227
970,100,99,5,fedadam,0.04306716063742121,3.10150380820679e-05,0.00012370817824899067
971,100,99,5,fedyogi,0.0296543450451,3.163351520355555e-05,0.0001251238187556962
972,100,99,10,fedadam,0.029575176935343294,6.928618993088889e-05,0.00015136351854858822
973,100,99,10,fedavg,0.0171805496442688,7.027351805046297e-05,0.00016056588452587666
974,100,99,10,fedyogi,0.06751085462702189,7.037161739665849e-05,0.00015005336364787454
975,100,99,20,fedadam,0.0257168515389566,0.0001461787164889352,0.00020573481231165282
976,100,99,20,fedyogi,0.0408327786327263,0.00014987454719333335,0.00020518984237550904
